CPID,Claim Type,Payer Name,Transaction,Real-Time Payer ID,Enrollment Required
5271,P,AARP,Eligibility,AARP,N
8940,I,AARP,Eligibility,AARP,N
1073,I,"ABLEPAY HEALTH, LLC",Eligibility,ABLPY,N
7896,P,"ABLEPAY HEALTH, LLC",Eligibility,ABLPY,N
4272,P,ABSOLUTE TOTAL CARE,Eligibility,CNTENE,N
8549,I,ABSOLUTE TOTAL CARE,Eligibility,CNTENE,N
1843,P,ACS BENEFIT SERVICES,Eligibility,ACSBE,N
3908,I,ACS BENEFIT SERVICES,Eligibility,ACSBE,N
3228,P,ADMINISTRATIVE CONCEPTS,Eligibility,ADMCON,N
3952,I,ADMINISTRATIVE CONCEPTS,Eligibility,ADMCON,N
4793,P,ADVANTAGE BY BUCKEYE,Eligibility,CNTENE,N
9564,I,ADVANTAGE BY BUCKEYE,Eligibility,CNTENE,N
4500,I,AETNA,Eligibility,AETNA,N
4500,I,AETNA,Eligibility,AETNA,N
6400,P,AETNA,Eligibility,AETNA,N
6400,P,AETNA,Eligibility,AETNA,N
4623,I,AETNA BETTER HEALTH ILLINOIS - MMAI,Eligibility,ABHILL,N
6140,P,AETNA BETTER HEALTH ILLINOIS - MMAI,Eligibility,ABHILL,N
7265,P,AETNA BETTER HEALTH OF FLORIDA,Eligibility,ABHFL,N
8678,I,AETNA BETTER HEALTH OF FLORIDA,Eligibility,ABHFL,N
1084,I,AETNA BETTER HEALTH OF KANSAS,Eligibility,ABHKS,N
8111,P,AETNA BETTER HEALTH OF KANSAS,Eligibility,ABHKS,N
7410,P,AETNA BETTER HEALTH OF KENTUCKY,Eligibility,COVCKY,N
9626,I,AETNA BETTER HEALTH OF KENTUCKY,Eligibility,COVCKY,N
7183,P,AETNA BETTER HEALTH OF LOUISIANA,Eligibility,ABHLA,N
8621,I,AETNA BETTER HEALTH OF LOUISIANA,Eligibility,ABHLA,N
7554,I,AETNA BETTER HEALTH OF MARYLAND,Eligibility,ABHMD,N
7758,P,AETNA BETTER HEALTH OF MARYLAND,Eligibility,ABHMD,N
7220,P,AETNA BETTER HEALTH OF MICHIGAN,Eligibility,ABHMI,N
8637,I,AETNA BETTER HEALTH OF MICHIGAN,Eligibility,ABHMI,N
7190,P,AETNA BETTER HEALTH OF NEW JERSEY,Eligibility,ABHNJ,N
8629,I,AETNA BETTER HEALTH OF NEW JERSEY,Eligibility,ABHNJ,N
6832,P,AETNA BETTER HEALTH OF NEW YORK,Eligibility,ABHNY,N
7612,I,AETNA BETTER HEALTH OF NEW YORK,Eligibility,ABHNY,N
6876,P,AETNA BETTER HEALTH OF OHIO,Eligibility,ABHOH,N
7652,I,AETNA BETTER HEALTH OF OHIO,Eligibility,ABHOH,N
3617,I,AETNA BETTER HEALTH OF PENNSYLVANIA,Eligibility,ABHPA,N
5823,P,AETNA BETTER HEALTH OF PENNSYLVANIA,Eligibility,ABHPA,N
2142,P,AETNA BETTER HEALTH OF TEXAS,Eligibility,ABHTX,N
2933,I,AETNA BETTER HEALTH OF TEXAS,Eligibility,ABHTX,N
7737,P,AETNA BETTER HEALTH OF VIRGINIA,Eligibility,CHCCN,N
9686,I,AETNA BETTER HEALTH OF VIRGINIA,Eligibility,CHCCN,N
1147,P,AETNA BETTER HEALTH OF WEST VIRGINIA,Eligibility,ABHWV,N
1577,I,AETNA BETTER HEALTH OF WEST VIRGINIA,Eligibility,ABHWV,N
NONE,I,Aetna LTC,Eligibility,AETLTC,N
NONE,P,Aetna LTC,Eligibility,AETLTC,N
NONE,P,Aetna LTC,Eligibility,AETLTC,N
6870,P,AETNA SSI,Eligibility,ATNSSI,N
7649,I,AETNA SSI,Eligibility,ATNSSI,N
NONE,I,AFLAC-Medicare Supplemental,Eligibility,AFLCMS,N
NONE,P,AFLAC-Medicare Supplemental,Eligibility,AFLCMS,N
4479,P,ALABAMA MEDICAID,Eligibility,ALCAID,N
5560,I,ALABAMA MEDICAID,Eligibility,ALCAID,N
5587,I,ALABAMA MEDICAID,Eligibility,ALCAID,N
4489,P,ALASKA MEDICAID,Eligibility,AKMCD,N
5524,I,ALASKA MEDICAID,Eligibility,AKMCD,N
1220,P,ALBUQUERQUE PUBLIC SCHOOLS,Eligibility,ALPBS,N
4518,I,ALBUQUERQUE PUBLIC SCHOOLS,Eligibility,ALPBS,N
NONE,I,ALL SAVERS LIFE INSURANCE COMPANY,Eligibility,ALLSA,N
NONE,P,ALL SAVERS LIFE INSURANCE COMPANY,Eligibility,ALLSA,N
1651,I,ALLEGIANCE BENEFIT PLAN MANAGEMENT,Eligibility,ALLBE,N
2295,P,ALLEGIANCE BENEFIT PLAN MANAGEMENT,Eligibility,ALLBE,N
2589,I,ALLIANT HEALTH PLANS,Eligibility,ALLIHP,N
3793,P,ALLIANT HEALTH PLANS,Eligibility,ALLIHP,N
1759,P,ALLIED BENEFIT SYSTEM,Eligibility,ALBENS,N
8573,I,ALLIED BENEFIT SYSTEM,Eligibility,ALBENS,N
7784,P,ALLWELL FROM ABSOLUTE TOTAL CARE,Eligibility,CNTENE,N
8526,I,ALLWELL FROM ABSOLUTE TOTAL CARE,Eligibility,CNTENE,N
7572,I,ALLWELL FROM ARKANSAS HEALTH AND WELLNESS,Eligibility,CNTENE,N
7767,P,ALLWELL FROM ARKANSAS HEALTH AND WELLNESS,Eligibility,CNTENE,N
7592,I,ALLWELL FROM BUCKEYE HEALTH PLAN,Eligibility,CNTENE,N
7776,P,ALLWELL FROM BUCKEYE HEALTH PLAN,Eligibility,CNTENE,N
7570,I,ALLWELL FROM HEALTH NET,Eligibility,CNTENE,N
7766,P,ALLWELL FROM HEALTH NET,Eligibility,CNTENE,N
7591,I,ALLWELL FROM HOME STATE HEALTH,Eligibility,CNTENE,N
7775,P,ALLWELL FROM HOME STATE HEALTH,Eligibility,CNTENE,N
7588,I,ALLWELL FROM LOUISIANA HEALTHCARE CONNECTIONS,Eligibility,CNTENE,N
7773,P,ALLWELL FROM LOUISIANA HEALTHCARE CONNECTIONS,Eligibility,CNTENE,N
7589,I,ALLWELL FROM MAGNOLIA HEALTH,Eligibility,CNTENE,N
7774,P,ALLWELL FROM MAGNOLIA HEALTH,Eligibility,CNTENE,N
7582,I,ALLWELL FROM MANAGED HEALTH SERVICES,Eligibility,CNTENE,N
7770,P,ALLWELL FROM MANAGED HEALTH SERVICES,Eligibility,CNTENE,N
7786,P,ALLWELL FROM MANAGED HEALTH SERVICES HEALTH WI,Eligibility,CNTENE,N
8528,I,ALLWELL FROM MANAGED HEALTH SERVICES HEALTH WI,Eligibility,CNTENE,N
7783,P,ALLWELL FROM PA HEALTH AND WELLNESS,Eligibility,CNTENE,N
8524,I,ALLWELL FROM PA HEALTH AND WELLNESS,Eligibility,CNTENE,N
7581,I,ALLWELL FROM PEACH STATE HEALTH PLAN,Eligibility,CNTENE,N
7769,P,ALLWELL FROM PEACH STATE HEALTH PLAN,Eligibility,CNTENE,N
7586,I,ALLWELL FROM SUNFLOWER HEALTH PLAN,Eligibility,CNTENE,N
7772,P,ALLWELL FROM SUNFLOWER HEALTH PLAN,Eligibility,CNTENE,N
7578,I,ALLWELL FROM SUNSHINE HEALTH,Eligibility,CNTENE,N
7768,P,ALLWELL FROM SUNSHINE HEALTH,Eligibility,CNTENE,N
7785,P,ALLWELL FROM SUPERIOR HEALTHPLAN,Eligibility,CNTENE,N
8527,I,ALLWELL FROM SUPERIOR HEALTHPLAN,Eligibility,CNTENE,N
1075,I,ALLWELL FROM WESTERN SKY COMMUNITY CARE,Eligibility,CNTENE,N
8102,P,ALLWELL FROM WESTERN SKY COMMUNITY CARE,Eligibility,CNTENE,N
2909,I,ALOHACARE,Eligibility,ALOHA,N
5231,P,ALOHACARE,Eligibility,ALOHA,N
NONE,I,ALTERNATIVE INS RESOURCES/AIR,Eligibility,ATIRS,N
NONE,P,ALTERNATIVE INS RESOURCES/AIR,Eligibility,ATIRS,N
6660,I,AMBETTER FROM BUCKEYE COMMUNITY HEALTH PLAN,Eligibility,CNTENE,N
6761,P,AMBETTER FROM BUCKEYE COMMUNITY HEALTH PLAN,Eligibility,CNTENE,N
7808,P,AMBETTER FROM HEALTH NET,Eligibility,CNTENE,N
8583,I,AMBETTER FROM HEALTH NET,Eligibility,CNTENE,N
7809,P,AMBETTER FROM HOMESTATE HEALTH,Eligibility,CNTENE,N
8584,I,AMBETTER FROM HOMESTATE HEALTH,Eligibility,CNTENE,N
6658,I,AMBETTER FROM MAGNOLIA HEALTH,Eligibility,CNTENE,N
6759,P,AMBETTER FROM MAGNOLIA HEALTH,Eligibility,CNTENE,N
6656,I,AMBETTER FROM MANAGED HEALTH SERVICES,Eligibility,CNTENE,N
6757,P,AMBETTER FROM MANAGED HEALTH SERVICES,Eligibility,CNTENE,N
6030,I,AMBETTER FROM MERIDIAN,Eligibility,CNTENE,N
9181,P,AMBETTER FROM MERIDIAN,Eligibility,CNTENE,N
6655,I,AMBETTER FROM PEACH STATE HEALTH PLAN,Eligibility,CNTENE,N
6756,P,AMBETTER FROM PEACH STATE HEALTH PLAN,Eligibility,CNTENE,N
4052,I,AMBETTER FROM PENNSYLVANIA HEALTH AND WELLNESS,Eligibility,CNTENE,N
8793,P,AMBETTER FROM PENNSYLVANIA HEALTH AND WELLNESS,Eligibility,CNTENE,N
1079,I,AMBETTER FROM SUNFLOWER HEALTH PLAN,Eligibility,CNTENE,N
8106,P,AMBETTER FROM SUNFLOWER HEALTH PLAN,Eligibility,CNTENE,N
6654,I,AMBETTER FROM SUNSHINE HEALTH,Eligibility,CNTENE,N
6755,P,AMBETTER FROM SUNSHINE HEALTH,Eligibility,CNTENE,N
6661,I,AMBETTER FROM SUPERIOR HEALTH,Eligibility,CNTENE,N
6762,P,AMBETTER FROM SUPERIOR HEALTH,Eligibility,CNTENE,N
7050,I,AMBETTER FROM WELLCARE OF NEW JERSEY,Eligibility,CNTENE,N
9432,P,AMBETTER FROM WELLCARE OF NEW JERSEY,Eligibility,CNTENE,N
7286,P,AMBETTER ILLINICARE HEALTH,Eligibility,CNTENE,N
9587,I,AMBETTER ILLINICARE HEALTH,Eligibility,CNTENE,N
7287,P,AMBETTER NEW HAMPSHIRE HEALTHY FAMILIES,Eligibility,CNTENE,N
9588,I,AMBETTER NEW HAMPSHIRE HEALTHY FAMILIES,Eligibility,CNTENE,N
6652,I,AMBETTER OF ARKANSAS,Eligibility,CNTENE,N
6753,P,AMBETTER OF ARKANSAS,Eligibility,CNTENE,N
4013,I,AMBETTER OF TENNESSEE,Eligibility,CNTENE,N
8741,P,AMBETTER OF TENNESSEE,Eligibility,CNTENE,N
4295,P,AMERICAN ADMINISTRATIVE SERVICES,Eligibility,ADMINS,N
9565,I,AMERICAN ADMINISTRATIVE SERVICES,Eligibility,ADMINS,N
3869,P,AMERICAN NATIONAL INSURANCE COMPANY,Eligibility,AMNIC,N
4974,I,AMERICAN NATIONAL INSURANCE COMPANY,Eligibility,AMNIC,N
NONE,I,American National Life Ins Co of TX,Eligibility,ANLITX,N
NONE,P,American National Life Ins Co of TX,Eligibility,ANLITX,N
4503,I,AMERICAN POSTAL WORKERS UNION,Eligibility,AMPWU,N
6436,P,AMERICAN POSTAL WORKERS UNION,Eligibility,AMPWU,N
1553,I,American Republic Insurance Company (ARIC),Eligibility,AMRREP,N
2895,P,American Republic Insurance Company (ARIC),Eligibility,AMRREP,N
NONE,I,American Retirement Life Mcare Suplmnt,Eligibility,ARLIMS,N
NONE,P,American Retirement Life Mcare Suplmnt,Eligibility,ARLIMS,N
NONE,I,AMERICO,Eligibility,AMRCO,N
NONE,P,AMERICO,Eligibility,AMRCO,N
1569,I,AMERIGROUP,Eligibility,AMRGRP,N
1741,P,AMERIGROUP,Eligibility,AMRGRP,N
2893,P,AMERIHEALTH ADMINISTRATORS,Eligibility,AMHADM,N
4555,I,AMERIHEALTH ADMINISTRATORS,Eligibility,AMHADM,N
7507,I,AMERIHEALTH CARITAS DELAWARE,Eligibility,AHCDE,N
7746,P,AMERIHEALTH CARITAS DELAWARE,Eligibility,AHCDE,N
5670,I,AMERIHEALTH CARITAS DISTRICT OF COLUMBIA,Eligibility,AHCDC,N
6441,P,AMERIHEALTH CARITAS DISTRICT OF COLUMBIA,Eligibility,AHCDC,N
2106,P,AMERIHEALTH CARITAS FLORIDA,Eligibility,PHCMCO,N
8963,I,AMERIHEALTH CARITAS FLORIDA,Eligibility,PHCMCO,N
4638,I,AMERIHEALTH CARITAS LOUISIANA,Eligibility,LACAR,N
6156,P,AMERIHEALTH CARITAS LOUISIANA,Eligibility,LACAR,N
2090,I,AMERIHEALTH CARITAS NEW HAMPSHIRE,Eligibility,AMNHP,N
8238,P,AMERIHEALTH CARITAS NEW HAMPSHIRE,Eligibility,AMNHP,N
7044,I,"AMERIHEALTH CARITAS NEXT A PRODUCT OF AMERIHEALTH CARITAS FLORIDA, INC.",Eligibility,ACNFL,N
9427,P,"AMERIHEALTH CARITAS NEXT A PRODUCT OF AMERIHEALTH CARITAS FLORIDA, INC.",Eligibility,ACNFL,N
7043,I,"AMERIHEALTH CARITAS NEXT A PRODUCT OF AMERIHEALTH CARITAS VIP NEXT, INC.",Eligibility,ACNDE,N
9426,P,"AMERIHEALTH CARITAS NEXT A PRODUCT OF AMERIHEALTH CARITAS VIP NEXT, INC.",Eligibility,ACNDE,N
6038,I,AMERIHEALTH CARITAS NEXT NORTH CAROLINA,Eligibility,AHCNC,N
9192,P,AMERIHEALTH CARITAS NEXT NORTH CAROLINA,Eligibility,AHCNC,N
4083,I,AMERIHEALTH CARITAS NORTH CAROLINA,Eligibility,AMNCN,N
8859,P,AMERIHEALTH CARITAS NORTH CAROLINA,Eligibility,AMNCN,N
7045,I,AMERIHEALTH CARITAS OHIO,Eligibility,AMEROH,N
9428,P,AMERIHEALTH CARITAS OHIO,Eligibility,AMEROH,N
1710,P,AMERIHEALTH CARITAS PENNSYLVANIA,Eligibility,AMHLTH,N
4547,I,AMERIHEALTH CARITAS PENNSYLVANIA,Eligibility,AMHLTH,N
7081,I,AMERIHEALTH CARITAS VIP CARE - DELAWARE DSNP,Eligibility,ACVDE,N
9484,P,AMERIHEALTH CARITAS VIP CARE - DELAWARE DSNP,Eligibility,ACVDE,N
7082,I,AMERIHEALTH CARITAS VIP CARE - FLORIDA DSNP,Eligibility,ACVFL,N
9485,P,AMERIHEALTH CARITAS VIP CARE - FLORIDA DSNP,Eligibility,ACVFL,N
1268,P,AMERIHEALTH CARITAS VIP CARE PA COMMHEALTHCHOICES,Eligibility,AMCHC,N
6501,I,AMERIHEALTH CARITAS VIP CARE PA COMMHEALTHCHOICES,Eligibility,AMCHC,N
6501,I,AMERIHEALTH CARITAS VIP CARE PA COMMHEALTHCHOICES,Eligibility,AMCHC,N
7212,P,AMERIHEALTH CARITAS VIP CARE PLUS MICHIGAN,Eligibility,ACVMI,N
8656,I,AMERIHEALTH CARITAS VIP CARE PLUS MICHIGAN,Eligibility,ACVMI,N
3558,I,AMERIHEALTH NEW JERSEY PPO,Eligibility,PAIBCE,N
4716,P,AMERIHEALTH NEW JERSEY PPO,Eligibility,PAIBCE,N
NONE,I,AMERITAS LIFE INSURANCE COMPANY,Eligibility,AMRTAS,N
NONE,P,AMERITAS LIFE INSURANCE COMPANY,Eligibility,AMRTAS,N
6032,I,ANGLE HEALTH,Eligibility,ANGLE,N
9184,P,ANGLE HEALTH,Eligibility,ANGLE,N
1415,P,ANTHEM BLUE CROSS BLUE SHIELD OF COLORADO,Eligibility,COBCBS,N
1549,I,ANTHEM BLUE CROSS BLUE SHIELD OF COLORADO,Eligibility,COBCBS,N
1420,P,ANTHEM BLUE CROSS BLUE SHIELD OF CONNECTICUT,Eligibility,CTBCBS,N
3534,I,ANTHEM BLUE CROSS BLUE SHIELD OF CONNECTICUT,Eligibility,CTBCBS,N
1412,P,ANTHEM BLUE CROSS BLUE SHIELD OF INDIANA,Eligibility,INBCBS,N
3502,I,ANTHEM BLUE CROSS BLUE SHIELD OF INDIANA,Eligibility,INBCBS,N
2421,P,ANTHEM BLUE CROSS BLUE SHIELD OF KENTUCKY,Eligibility,KYBCBS,N
5534,I,ANTHEM BLUE CROSS BLUE SHIELD OF KENTUCKY,Eligibility,KYBCBS,N
3548,I,ANTHEM BLUE CROSS BLUE SHIELD OF MAINE,Eligibility,MEBCBS,N
7446,P,ANTHEM BLUE CROSS BLUE SHIELD OF MAINE,Eligibility,MEBCBS,N
1408,P,ANTHEM BLUE CROSS BLUE SHIELD OF MISSOURI,Eligibility,MOBCBS,N
2597,I,ANTHEM BLUE CROSS BLUE SHIELD OF MISSOURI,Eligibility,MOBCBS,N
2906,I,ANTHEM BLUE CROSS BLUE SHIELD OF NEVADA,Eligibility,NVBCBS,N
7496,P,ANTHEM BLUE CROSS BLUE SHIELD OF NEVADA,Eligibility,NVBCBS,N
1512,I,ANTHEM BLUE CROSS BLUE SHIELD OF NEW HAMPSHIRE,Eligibility,NHBCBS,N
7422,P,ANTHEM BLUE CROSS BLUE SHIELD OF NEW HAMPSHIRE,Eligibility,NHBCBS,N
3520,I,ANTHEM BLUE CROSS BLUE SHIELD OF NEW YORK,Eligibility,EMHECH,N
4437,P,ANTHEM BLUE CROSS BLUE SHIELD OF NEW YORK,Eligibility,EMHECH,N
2418,P,ANTHEM BLUE CROSS BLUE SHIELD OF OHIO,Eligibility,OHBCBS,N
3505,I,ANTHEM BLUE CROSS BLUE SHIELD OF OHIO,Eligibility,OHBCBS,N
7071,I,ANTHEM BLUE CROSS BLUE SHIELD OF OHIO,Eligibility,OHBCBS,N
9461,P,ANTHEM BLUE CROSS BLUE SHIELD OF OHIO,Eligibility,OHBCBS,N
1413,P,ANTHEM BLUE CROSS BLUE SHIELD OF VIRGINIA,Eligibility,VABCBS,N
5537,I,ANTHEM BLUE CROSS BLUE SHIELD OF VIRGINIA,Eligibility,VABCBS,N
1401,P,ANTHEM BLUE CROSS BLUE SHIELD OF WISCONSIN,Eligibility,WIBCBS,N
5511,I,ANTHEM BLUE CROSS BLUE SHIELD OF WISCONSIN,Eligibility,WIBCBS,N
3511,I,ANTHEM BLUE CROSS OF CALIFORNIA,Eligibility,CABC,N
4417,P,ANTHEM BLUE CROSS OF CALIFORNIA,Eligibility,CABC,N
4020,I,ANTHEM MAINEHEALTH,Eligibility,ANTHME,N
8749,P,ANTHEM MAINEHEALTH,Eligibility,ANTHME,N
1045,I,ARIZONA COMPLETE HEALTH,Eligibility,CNTENE,N
7874,P,ARIZONA COMPLETE HEALTH,Eligibility,CNTENE,N
4405,P,ARIZONA MEDICAID,Eligibility,AZCAID,N
5548,I,ARIZONA MEDICAID,Eligibility,AZCAID,N
1489,P,ARKANSAS MEDICAID,Eligibility,ARCAID,N
5597,I,ARKANSAS MEDICAID,Eligibility,ARCAID,N
2003,I,ARKANSAS TOTAL CARE,Eligibility,CNTENE,N
8136,P,ARKANSAS TOTAL CARE,Eligibility,CNTENE,N
4097,I,ASPIRUS MEDICARE ADVANTAGE,Eligibility,ASPRS,N
8840,P,ASPIRUS MEDICARE ADVANTAGE,Eligibility,ASPRS,N
6669,I,ASSOCIATION DE MAESTROS  PUERTO RICO,Eligibility,ADMPR,Y
6773,P,ASSOCIATION DE MAESTROS  PUERTO RICO,Eligibility,ADMPR,Y
4881,P,ASURIS NORTHWEST REGENCE,Eligibility,ASURNH,N
5942,I,ASURIS NORTHWEST REGENCE,Eligibility,ASURNH,N
4799,P,ATRIO HEALTH PLANS,Eligibility,ATRIO,N
5934,I,ATRIO HEALTH PLANS,Eligibility,ATRIO,N
2899,P,AULTCARE,Eligibility,AULTCR,N
4791,P,AULTCARE,Eligibility,AULTCR,N
5927,I,AULTCARE,Eligibility,AULTCR,N
7560,I,AULTCARE,Eligibility,AULTCR,N
3230,P,AUTOMATED BENEFIT SERVICES,Eligibility,ABSERV,N
8947,I,AUTOMATED BENEFIT SERVICES,Eligibility,ABSERV,N
1786,P,AVERA HEALTH PLANS,Eligibility,AVRHP,N
8561,I,AVERA HEALTH PLANS,Eligibility,AVRHP,N
1573,I,AVMED,Eligibility,AVMED,N
3802,P,AVMED,Eligibility,AVMED,N
1139,P,Bankers Fidelity,Eligibility,BKFID,N
7026,I,Bankers Fidelity,Eligibility,BKFID,N
1240,P,BANKERS LIFE AND CASUALTY COMPANY,Eligibility,BNKLIF,N
NONE,I,BANKERS LIFE AND CASUALTY COMPANY,Eligibility,BNKLIF,N
2016,I,BAYCARE PLUS MEDICARE ADVANTAGE,Eligibility,BAYCR,N
8150,P,BAYCARE PLUS MEDICARE ADVANTAGE,Eligibility,BAYCR,N
2758,P,BCBS of Louisiana,Eligibility,LABCBS,N
3580,I,BCBS of Louisiana,Eligibility,LABCBS,N
1012,I,BEHAVIORAL HEALTH SYSTEMS,Eligibility,BHRHS,N
6106,P,BEHAVIORAL HEALTH SYSTEMS,Eligibility,BHRHS,N
2423,P,BLUE CROSS BLUE SHIELD OF ALABAMA,Eligibility,ALBCSP,N
5558,I,BLUE CROSS BLUE SHIELD OF ALABAMA,Eligibility,ALBCSI,N
4426,P,BLUE CROSS BLUE SHIELD OF ARIZONA,Eligibility,AZBCBS,N
5547,I,BLUE CROSS BLUE SHIELD OF ARIZONA,Eligibility,AZBCBS,N
2416,P,BLUE CROSS BLUE SHIELD OF ARKANSAS,Eligibility,ARBCBS,N
5596,I,BLUE CROSS BLUE SHIELD OF ARKANSAS,Eligibility,ARBCBS,N
1414,P,BLUE CROSS BLUE SHIELD OF FLORIDA,Eligibility,FLBCBS,N
3517,I,BLUE CROSS BLUE SHIELD OF FLORIDA,Eligibility,FLBCBS,N
1407,P,BLUE CROSS BLUE SHIELD OF GEORGIA,Eligibility,GABCBS,N
3537,I,BLUE CROSS BLUE SHIELD OF GEORGIA,Eligibility,GABCBS,N
1518,I,BLUE CROSS BLUE SHIELD OF HAWAII (HMSA),Eligibility,HMSA,N
2714,P,BLUE CROSS BLUE SHIELD OF HAWAII (HMSA),Eligibility,HMSA,N
1405,P,BLUE CROSS BLUE SHIELD OF ILLINOIS,Eligibility,ILBCBS,N
5508,I,BLUE CROSS BLUE SHIELD OF ILLINOIS,Eligibility,ILBCBS,N
2422,P,BLUE CROSS BLUE SHIELD OF KANSAS,Eligibility,KSBCBS,N
5519,I,BLUE CROSS BLUE SHIELD OF KANSAS,Eligibility,KSBCBS,N
4419,P,BLUE CROSS BLUE SHIELD OF KANSAS CITY,Eligibility,KCBCBS,N
5569,I,BLUE CROSS BLUE SHIELD OF KANSAS CITY,Eligibility,KCBCBS,N
2424,P,BLUE CROSS BLUE SHIELD OF MASSACHUSETTS,Eligibility,MABCBS,N
5528,I,BLUE CROSS BLUE SHIELD OF MASSACHUSETTS,Eligibility,MABCBS,N
1421,P,BLUE CROSS BLUE SHIELD OF MICHIGAN,Eligibility,MIBCSP,N
1913,I,BLUE CROSS BLUE SHIELD OF MICHIGAN,Eligibility,MIBCSI,N
2287,P,BLUE CROSS BLUE SHIELD OF MICHIGAN,Eligibility,MIBCSP,N
2426,P,BLUE CROSS BLUE SHIELD OF MICHIGAN,Eligibility,MIBCSP,N
3514,I,BLUE CROSS BLUE SHIELD OF MICHIGAN,Eligibility,MIBCSI,N
3531,I,BLUE CROSS BLUE SHIELD OF MICHIGAN,Eligibility,MIBCSI,N
3532,I,BLUE CROSS BLUE SHIELD OF MICHIGAN,Eligibility,MIBCSI,N
1402,P,BLUE CROSS BLUE SHIELD OF MINNESOTA,Eligibility,1402,N
1410,P,BLUE CROSS BLUE SHIELD OF MINNESOTA,Eligibility,1402,N
1429,P,BLUE CROSS BLUE SHIELD OF MINNESOTA,Eligibility,1402,N
1513,I,BLUE CROSS BLUE SHIELD OF MINNESOTA,Eligibility,1402,N
2415,P,BLUE CROSS BLUE SHIELD OF MISSISSIPPI,Eligibility,MSBCBS,N
5555,I,BLUE CROSS BLUE SHIELD OF MISSISSIPPI,Eligibility,MSBCBS,N
1417,P,BLUE CROSS BLUE SHIELD OF NEBRASKA,Eligibility,NEBCBS,N
1521,I,BLUE CROSS BLUE SHIELD OF NEBRASKA,Eligibility,NEBCBS,N
5565,I,BLUE CROSS BLUE SHIELD OF NEW MEXICO,Eligibility,NMBCBS,N
7403,P,BLUE CROSS BLUE SHIELD OF NEW MEXICO,Eligibility,NMBCBS,N
1411,P,BLUE CROSS BLUE SHIELD OF NORTH CAROLINA,Eligibility,NCBCBS,N
3562,I,BLUE CROSS BLUE SHIELD OF NORTH CAROLINA,Eligibility,NCBCBS,N
2411,P,BLUE CROSS BLUE SHIELD OF NORTH DAKOTA,Eligibility,NDBCBP,N
5593,I,BLUE CROSS BLUE SHIELD OF NORTH DAKOTA,Eligibility,NDBCBI,N
5593,I,BLUE CROSS BLUE SHIELD OF NORTH DAKOTA,Eligibility,NDBCBI,N
1403,P,BLUE CROSS BLUE SHIELD OF OKLAHOMA,Eligibility,OKBCBS,N
1514,I,BLUE CROSS BLUE SHIELD OF OKLAHOMA,Eligibility,OKBCBS,N
2413,P,BLUE CROSS BLUE SHIELD OF PENNSYLVANIA - HIGHMARK,Eligibility,PABCBS,Y
2534,I,BLUE CROSS BLUE SHIELD OF PENNSYLVANIA - HIGHMARK,Eligibility,PABCBS,Y
3587,I,BLUE CROSS BLUE SHIELD OF PENNSYLVANIA - HIGHMARK,Eligibility,PABCBS,Y
7130,P,BLUE CROSS BLUE SHIELD OF PENNSYLVANIA - HIGHMARK,Eligibility,PABCBS,Y
7679,I,BLUE CROSS BLUE SHIELD OF PENNSYLVANIA - HIGHMARK,Eligibility,PABCBS,Y
5579,I,BLUE CROSS BLUE SHIELD OF RHODE ISLAND,Eligibility,RIBCBS,N
7420,P,BLUE CROSS BLUE SHIELD OF RHODE ISLAND,Eligibility,RIBCBS,N
1559,I,BLUE CROSS BLUE SHIELD OF SOUTH CAROLINA,Eligibility,SCBCBS,N
2410,P,BLUE CROSS BLUE SHIELD OF SOUTH CAROLINA,Eligibility,SCBCBS,N
2490,P,BLUE CROSS BLUE SHIELD OF SOUTH DAKOTA,Eligibility,IABCBS,N
2401,P,BLUE CROSS BLUE SHIELD OF TENNESSEE,Eligibility,TNBCBS,N
2495,P,BLUE CROSS BLUE SHIELD OF TENNESSEE,Eligibility,TNCAID,N
5513,I,BLUE CROSS BLUE SHIELD OF TENNESSEE,Eligibility,TNBCBS,N
5514,I,BLUE CROSS BLUE SHIELD OF TENNESSEE,Eligibility,TNCAID,N
1406,P,BLUE CROSS BLUE SHIELD OF TEXAS,Eligibility,TXBCBS,N
5501,I,BLUE CROSS BLUE SHIELD OF TEXAS,Eligibility,TXBCBS,N
4967,I,BLUE CROSS BLUE SHIELD OF VERMONT,Eligibility,VTBCBS,N
7493,P,BLUE CROSS BLUE SHIELD OF VERMONT,Eligibility,VTBCBS,N
5522,I,BLUE CROSS BLUE SHIELD OF WASHINGTON AND ALASKA,Eligibility,WAPBCS,N
7445,P,BLUE CROSS BLUE SHIELD OF WASHINGTON AND ALASKA,Eligibility,WAPBCS,N
3527,I,BLUE CROSS BLUE SHIELD OF WESTERN NEW YORK,Eligibility,NYBCBS,N
4409,P,BLUE CROSS BLUE SHIELD OF WESTERN NEW YORK,Eligibility,NYBCBS,N
1169,P,BLUE CROSS BLUE SHIELD OF WESTERN NEW YORK MEDICAID/CHP,Eligibility,BWNYMC,N
2516,I,BLUE CROSS BLUE SHIELD OF WESTERN NEW YORK MEDICAID/CHP,Eligibility,BWNYMC,N
3584,I,BLUE CROSS BLUE SHIELD OF WYOMING,Eligibility,WYBCBI,N
7489,P,BLUE CROSS BLUE SHIELD OF WYOMING,Eligibility,WYBCBP,N
7165,P,BLUE CROSS COMMUNITY HEALTH PLANS,Eligibility,BCCOM,N
8606,I,BLUE CROSS COMMUNITY HEALTH PLANS,Eligibility,BCCOM,N
5096,I,BLUE CROSS COMPLETE OF MICHIGAN,Eligibility,BCCMI,N
7409,P,BLUE CROSS COMPLETE OF MICHIGAN,Eligibility,BCCMI,N
1167,P,BLUE CROSS MEDICARE ADVANTAGE PPO/HMO,Eligibility,BLMADV,N
2513,I,BLUE CROSS MEDICARE ADVANTAGE PPO/HMO,Eligibility,BLMADV,N
6013,I,BLUE MEDICARE ADVANTAGE,Eligibility,BMADV,N
9162,P,BLUE MEDICARE ADVANTAGE,Eligibility,BMADV,N
1409,P,BLUE SHIELD OF CALIFORNIA,Eligibility,CABS,N
1627,I,BLUE SHIELD OF CALIFORNIA,Eligibility,CABS,N
3050,I,BLUE SHIELD OF CALIFORNIA,Eligibility,CABS,N
4463,P,BLUE SHIELD OF CALIFORNIA,Eligibility,CABS,N
6114,P,BLUE SHIELD OF CALIFORNIA,Eligibility,CABS,N
6569,I,BLUE SHIELD OF CALIFORNIA,Eligibility,CABS,N
1777,P,BOON CHAPMAN ADMINISTRATORS,Eligibility,BNCHAP,N
8500,I,BOON CHAPMAN ADMINISTRATORS,Eligibility,BNCHAP,N
5000,I,BRAVEN HEALTH,Eligibility,BRAVEN,N
8844,P,BRAVEN HEALTH,Eligibility,BRAVEN,N
1556,I,Bravo Health,Eligibility,HSPRNG,N
1978,I,Bravo Health,Eligibility,ELDRHL,N
2795,P,Bravo Health,Eligibility,HSPRNG,N
3839,P,Bravo Health,Eligibility,ELDRHL,N
4742,P,Bravo Health,Eligibility,HSPRNG,N
5694,I,Bravo Health,Eligibility,HSPRNG,N
6675,I,BRIDGESPAN REGENCE,Eligibility,BDSPH,N
6779,P,BRIDGESPAN REGENCE,Eligibility,BDSPH,N
1187,P,BRIGHT HEALTH PLAN,Eligibility,BRITHP,N
2562,I,BRIGHT HEALTH PLAN,Eligibility,BRITHP,N
6091,I,BRIGHT HEALTHCARE,Eligibility,BRIGHT,N
9269,P,BRIGHT HEALTHCARE,Eligibility,BRIGHT,N
1962,I,BUCKEYE COMMUNITY HEALTH - OHIO,Eligibility,CNTENE,N
4717,P,BUCKEYE COMMUNITY HEALTH - OHIO,Eligibility,CNTENE,N
7068,I,BUCKEYE OHIO MEDICAID,Eligibility,CNTENE,N
9457,P,BUCKEYE OHIO MEDICAID,Eligibility,CNTENE,N
7091,I,BUCKEYE OHIO MEDICAID VISION,Eligibility,CNTENE,N
9704,P,BUCKEYE OHIO MEDICAID VISION,Eligibility,CNTENE,N
2850,P,C & O EMPLOYEES' HOSPITAL ASSOCIATION,Eligibility,WOCOM,N
5027,I,C & O EMPLOYEES' HOSPITAL ASSOCIATION,Eligibility,WOCOM,N
6646,I,CALIFORNIA HEALTH AND WELLNESS,Eligibility,CNTENE,N
6748,P,CALIFORNIA HEALTH AND WELLNESS,Eligibility,CNTENE,N
1473,P,CALIFORNIA MEDI-CAL,Eligibility,CACAID,N
3447,P,CALIFORNIA MEDI-CAL,Eligibility,CACAID,Y
3510,I,CALIFORNIA MEDI-CAL,Eligibility,CACAID,Y
3568,I,CALIFORNIA MEDI-CAL,Eligibility,CACAID,Y
4221,P,CALOPTIMA DIRECT,Eligibility,CALOP,N
5914,I,CALOPTIMA DIRECT,Eligibility,CALOP,N
5599,I,CAPITAL BLUE CROSS (PHYSICIAN CONTRACTED PROVIDERS),Eligibility,PACAPB,N
7705,P,CAPITAL BLUE CROSS (PHYSICIAN CONTRACTED PROVIDERS),Eligibility,PACAPB,N
2987,I,CAPITAL DISTRICT PHYSICIANS HEALTH PLAN,Eligibility,CDPHP,N
3786,P,CAPITAL DISTRICT PHYSICIANS HEALTH PLAN,Eligibility,CDPHP,N
1985,I,CAPITAL HEALTH PLAN,Eligibility,CAPTAL,N
4246,P,CAPITAL HEALTH PLAN,Eligibility,CAPTAL,N
3654,I,CAPROCK HEALTH PLANS,Eligibility,CAPROK,N
5848,P,CAPROCK HEALTH PLANS,Eligibility,CAPROK,N
2013,I,CARE N CARE INSURANCE COMPANY,Eligibility,CAREN,N
8146,P,CARE N CARE INSURANCE COMPANY,Eligibility,CAREN,N
2289,P,CARE1ST HEALTH PLAN AZ MEDICAID DOS AFTER 11/30/22,Eligibility,CNTENE,N
2949,I,CARE1ST HEALTH PLAN AZ MEDICAID DOS AFTER 11/30/22,Eligibility,CNTENE,N
1730,P,CAREFIRST ADMINISTRATORS/NCAS,Eligibility,CFSAD,N
2914,I,CAREFIRST ADMINISTRATORS/NCAS,Eligibility,CFSAD,N
1509,I,CAREFIRST BLUE CROSS BLUE SHIELD OF DISTRICT OF COLUMBIA,Eligibility,DCBCBS,N
2425,P,CAREFIRST BLUE CROSS BLUE SHIELD OF DISTRICT OF COLUMBIA,Eligibility,DCBCBS,N
2419,P,CAREFIRST BLUE CROSS BLUE SHIELD OF MARYLAND,Eligibility,MDBCBS,N
7518,I,CAREFIRST BLUE CROSS BLUE SHIELD OF MARYLAND,Eligibility,MDBCBS,N
4743,P,CARELON BEHAVIORAL HEALTH,Eligibility,VALOP,N
5909,I,CARELON BEHAVIORAL HEALTH,Eligibility,VALOP,N
4615,I,"CARELON BEHAVIORAL HEALTH, MBHP",Eligibility,BHOMA,N
6127,P,"CARELON BEHAVIORAL HEALTH, MBHP",Eligibility,BHOMA,N
3293,P,CAREMORE HEALTH PLAN,Eligibility,CRMRE,N
5635,I,CAREMORE HEALTH PLAN,Eligibility,CRMRE,N
1682,I,CAREPLUS HEALTH PLANS,Eligibility,CRPLUS,N
2830,P,CAREPLUS HEALTH PLANS,Eligibility,CRPLUS,N
8009,I,CARESOURCE NORTH CAROLINA,Eligibility,CSRCNC,N
9722,P,CARESOURCE NORTH CAROLINA,Eligibility,CSRCNC,N
1194,P,CARESOURCE OF GEORGIA,Eligibility,CASGA,N
2570,I,CARESOURCE OF GEORGIA,Eligibility,CASGA,N
7143,P,CARESOURCE OF INDIANA,Eligibility,CSRCIN,N
7688,I,CARESOURCE OF INDIANA,Eligibility,CSRCIN,N
2526,I,CARESOURCE OF OHIO,Eligibility,CRSROH,N
3826,P,CARESOURCE OF OHIO,Eligibility,CRSROH,N
7070,I,CARESOURCE OF OHIO,Eligibility,CRSROH,N
7094,I,CARESOURCE OF OHIO,Eligibility,CRSROH,N
9458,P,CARESOURCE OF OHIO,Eligibility,CRSROH,N
9708,P,CARESOURCE OF OHIO,Eligibility,CRSROH,N
7263,P,CARESOURCE OF WEST VIRGINIA,Eligibility,CSRCWV,N
8676,I,CARESOURCE OF WEST VIRGINIA,Eligibility,CSRCWV,N
6099,I,CARESOURCE PASSE OF ARKANSAS,Eligibility,CSPAR,N
9226,P,CARESOURCE PASSE OF ARKANSAS,Eligibility,CSPAR,N
6027,I,CAROLINA COMPLETE HEALTH CARE,Eligibility,CNTENE,N
9175,P,CAROLINA COMPLETE HEALTH CARE,Eligibility,CNTENE,N
3737,P,CBA BLUE,Eligibility,CBABLU,N
7540,I,CBA BLUE,Eligibility,CBABLU,N
2979,I,"CDS GROUP HEALTH, Inc",Eligibility,CDSGP,N
4253,P,"CDS GROUP HEALTH, Inc",Eligibility,CDSGP,N
4663,I,CENPATICO,Eligibility,CENPAT,N
4909,I,CENPATICO BEHAVIORAL HEALTH - AZ DOS BEFORE 10/18,Eligibility,CENPAT,N
6136,P,CENPATICO BEHAVIORAL HEALTH - AZ DOS BEFORE 10/18,Eligibility,CENPAT,N
1630,I,CENPATICO BEHAVIORAL HEALTH - FLORIDA,Eligibility,CENPAT,N
2190,P,CENPATICO BEHAVIORAL HEALTH - FLORIDA,Eligibility,CENPAT,N
3912,I,CENPATICO BEHAVIORAL HEALTH - GEORGIA,Eligibility,CENPAT,N
4239,P,CENPATICO BEHAVIORAL HEALTH - GEORGIA,Eligibility,CENPAT,N
6212,P,CENPATICO BEHAVIORAL HEALTH - ILLINOIS,Eligibility,CENPAT,N
2985,I,CENPATICO BEHAVIORAL HEALTH - INDIANA,Eligibility,CENPAT,N
3236,P,CENPATICO BEHAVIORAL HEALTH - INDIANA,Eligibility,CENPAT,N
3663,I,CENPATICO BEHAVIORAL HEALTH - KANSAS,Eligibility,CENPAT,N
5207,P,CENPATICO BEHAVIORAL HEALTH - KANSAS,Eligibility,CENPAT,N
5638,I,CENPATICO BEHAVIORAL HEALTH - MISSISSIPPI,Eligibility,CENPAT,N
6268,P,CENPATICO BEHAVIORAL HEALTH - MISSISSIPPI,Eligibility,CENPAT,N
4692,I,CENPATICO BEHAVIORAL HEALTH - MISSOURI,Eligibility,CENPAT,N
6215,P,CENPATICO BEHAVIORAL HEALTH - MISSOURI,Eligibility,CENPAT,N
5629,I,CENPATICO BEHAVIORAL HEALTH - NEW HAMPSHIRE,Eligibility,CENPAT,N
6263,P,CENPATICO BEHAVIORAL HEALTH - NEW HAMPSHIRE,Eligibility,CENPAT,N
1660,I,CENPATICO BEHAVIORAL HEALTH - OHIO,Eligibility,CENPAT,N
2175,P,CENPATICO BEHAVIORAL HEALTH - OHIO,Eligibility,CENPAT,N
4676,I,CENPATICO BEHAVIORAL HEALTH - SOUTH CAROLINA,Eligibility,CENPAT,N
6205,P,CENPATICO BEHAVIORAL HEALTH - SOUTH CAROLINA,Eligibility,CENPAT,N
3962,I,CENPATICO BEHAVIORAL HEALTH - TEXAS,Eligibility,CENPAT,N
4746,P,CENPATICO BEHAVIORAL HEALTH - TEXAS,Eligibility,CENPAT,N
3220,P,CENPATICO BEHAVIORAL HEALTH - WISCONSIN,Eligibility,CENPAT,N
4927,I,CENPATICO BEHAVIORAL HEALTH - WISCONSIN,Eligibility,CENPAT,N
1051,I,CENTIVO,Eligibility,CENTV,N
8148,P,CENTIVO,Eligibility,CENTV,N
2149,P,CENTRAL CALIFORNIA ALLIANCE FOR HEALTH,Eligibility,CCALLH,N
2997,I,CENTRAL CALIFORNIA ALLIANCE FOR HEALTH,Eligibility,CCALLH,N
NONE,I,Central Reserve Life Mcare Suplmnt,Eligibility,CRLIMS,N
NONE,P,Central Reserve Life Mcare Suplmnt,Eligibility,CRLIMS,N
NONE,I,CENTRAL STATES HEALTH & WELFARE FUNDS,Eligibility,CSTFND,N
NONE,P,CENTRAL STATES HEALTH & WELFARE FUNDS,Eligibility,CSTFND,N
1503,I,CHAMPVA - HAC,Eligibility,CHMPVA,N
3807,P,CHAMPVA - HAC,Eligibility,CHMPVA,N
3807,P,CHAMPVA - HAC,Eligibility,CHMPVA,N
4509,I,CIGNA,Eligibility,CIGNA,N
6405,P,CIGNA,Eligibility,CIGNA,N
6405,P,CIGNA,Eligibility,CIGNA,N
1095,I,CLEAR HEALTH ALLIANCE,Eligibility,CLEAR,N
8123,P,CLEAR HEALTH ALLIANCE,Eligibility,CLEAR,N
5043,I,CLEAR SPRING HEALTH,Eligibility,CCAIL,N
8889,P,CLEAR SPRING HEALTH,Eligibility,CCAIL,N
1180,P,COLONIAL PENN LIFE INSURANCE COMPANY,Eligibility,CPLIC,N
2550,I,COLONIAL PENN LIFE INSURANCE COMPANY,Eligibility,CPLIC,N
1643,I,COLORADO ACCESS,Eligibility,COACCS,N
2431,P,COLORADO ACCESS,Eligibility,COACCS,N
1496,P,COLORADO MEDICAID,Eligibility,COCAID,N
1548,I,COLORADO MEDICAID,Eligibility,COCAID,N
6674,I,COMMON GROUND HEALTHCARE COOPERATIVE,Eligibility,CGHCO,N
6778,P,COMMON GROUND HEALTHCARE COOPERATIVE,Eligibility,CGHCO,N
2538,I,COMMUNITY HEALTH CHOICE,Eligibility,COMHC,N
3773,P,COMMUNITY HEALTH CHOICE,Eligibility,COMHC,N
6687,I,COMMUNITY HEALTH CHOICE - HIM,Eligibility,COMHC,N
6791,P,COMMUNITY HEALTH CHOICE - HIM,Eligibility,COMHC,N
NONE,I,COMMUNITY HEALTH FIRST MEDICARE ADVANTAGE,Eligibility,CHFMAP,N
NONE,P,COMMUNITY HEALTH FIRST MEDICARE ADVANTAGE,Eligibility,CHFMAP,N
7110,P,COMMUNITY HEALTH GROUP,Eligibility,COMHGR,N
7668,I,COMMUNITY HEALTH GROUP,Eligibility,COMHGR,N
1927,I,COMMUNITY HEALTH PLAN OF WASHINGTON (CHPWA),Eligibility,WACHP,N
3445,P,COMMUNITY HEALTH PLAN OF WASHINGTON (CHPWA),Eligibility,WACHP,N
1874,P,COMMUNITYCARE MHP OF OKLAHOMA,Eligibility,OKCMCR,N
8560,I,COMMUNITYCARE MHP OF OKLAHOMA,Eligibility,OKCMCR,N
6440,P,CONNECTICARE,Eligibility,EMBLEM,N
6500,I,CONNECTICARE,Eligibility,EMBLEM,N
3535,I,CONNECTICUT MEDICAID,Eligibility,CTCAID,N
4476,P,CONNECTICUT MEDICAID,Eligibility,CTCAID,N
2233,P,CONSOLIDATED ASSOCIATES RAILROAD,Eligibility,CNSRR,N
NONE,I,Continental General Life Mcare Suplmnt,Eligibility,CGICMS,N
NONE,P,Continental General Life Mcare Suplmnt,Eligibility,CGICMS,N
4751,P,COOK CHILDRENS STAR PLAN,Eligibility,COOKCH,N
8924,I,COOK CHILDRENS STAR PLAN,Eligibility,COOKCH,N
4044,I,COOK MEDICAL GROUP,Eligibility,COOKG,N
8773,P,COOK MEDICAL GROUP,Eligibility,COOKG,N
4665,I,COORDINATED CARE,Eligibility,CNTENE,N
6197,P,COORDINATED CARE,Eligibility,CNTENE,N
7738,P,COUNTYCARE HEALTH PLAN,Eligibility,CTYCHP,N
9688,I,COUNTYCARE HEALTH PLAN,Eligibility,CTYCHP,N
1575,I,COVENANT ADMINISTRATORS,Eligibility,COVENT,N
3828,P,COVENANT ADMINISTRATORS,Eligibility,COVENT,N
2482,P,COX HEALTH PLAN,Eligibility,COXHP,N
9687,I,COX HEALTH PLAN,Eligibility,COXHP,N
1279,P,CREATE,Eligibility,CREATE,N
6525,I,CREATE,Eligibility,CREATE,N
8055,I,CURATIVE HEALTH PLAN,Eligibility,CURTV,N
9774,P,CURATIVE HEALTH PLAN,Eligibility,CURTV,N
1497,P,DEAN HEALTH PLAN,Eligibility,DEANHP,N
3581,I,DEAN HEALTH PLAN,Eligibility,DEANHP,N
8030,I,DELAWARE FIRST HEALTH,Eligibility,CNTENE,N
9747,P,DELAWARE FIRST HEALTH,Eligibility,CNTENE,N
1545,I,DELAWARE MEDICAID,Eligibility,DECAID,N
2726,P,DELAWARE MEDICAID,Eligibility,DECAID,N
3936,I,DENVER HEALTH MEDICAL PLAN,Eligibility,DNVHMP,N
4285,P,DENVER HEALTH MEDICAL PLAN,Eligibility,DNVHMP,N
4728,P,DESERET MUTUAL BENEFIT ASSOCIATES,Eligibility,DMBA,N
8995,I,DESERET MUTUAL BENEFIT ASSOCIATES,Eligibility,DMBA,N
2061,I,DEVOTED HEALTH,Eligibility,DEVOT,N
8196,P,DEVOTED HEALTH,Eligibility,DEVOT,N
4425,P,DISTRICT OF COLUMBIA MEDICAID,Eligibility,DCCAID,N
5550,I,DISTRICT OF COLUMBIA MEDICAID,Eligibility,DCCAID,N
3934,I,DIVERSIFIED GROUP BROKERAGE,Eligibility,DVRGB,N
6481,P,DIVERSIFIED GROUP BROKERAGE,Eligibility,DVRGB,N
2004,I,DOCTORS HEALTHCARE PLANS,Eligibility,DRHCP,N
8135,P,DOCTORS HEALTHCARE PLANS,Eligibility,DRHCP,N
4289,P,EL PASO HEALTH-CHIP,Eligibility,ELPASO,N
8923,I,EL PASO HEALTH-CHIP,Eligibility,ELPASO,N
1853,P,ELDERPLAN,Eligibility,ELDER,N
1999,I,ELDERPLAN,Eligibility,ELDER,N
1578,I,EMBLEMHEALTH PLAN (MCR),Eligibility,EMBLEM,N
1784,P,EMBLEMHEALTH PLAN (MCR),Eligibility,EMBLEM,N
1896,P,EMBLEMHEALTH PLAN (MCR),Eligibility,EMBLEM,N
2744,P,EMBLEMHEALTH PLAN (MCR),Eligibility,EMBLEM,N
4471,P,EMBLEMHEALTH PLAN (MCR),Eligibility,EMBLEM,N
4471,P,EMBLEMHEALTH PLAN (MCR),Eligibility,EMBLEM,N
4969,I,EMBLEMHEALTH PLAN (MCR),Eligibility,EMBLEM,N
4969,I,EMBLEMHEALTH PLAN (MCR),Eligibility,EMBLEM,N
6509,I,EMBLEMHEALTH PLAN (MCR),Eligibility,EMBLEM,N
6562,I,EMBLEMHEALTH PLAN (MCR),Eligibility,EMBLEM,N
6562,I,EMBLEMHEALTH PLAN (MCR),Eligibility,EMBLEM,N
8440,P,EMBLEMHEALTH PLAN (MCR),Eligibility,EMBLEM,N
8440,P,EMBLEMHEALTH PLAN (MCR),Eligibility,EMBLEM,N
8599,I,EMBLEMHEALTH PLAN (MCR),Eligibility,EMBLEM,N
4410,P,EMI HEALTH,Eligibility,EMINS,N
8654,I,EMI HEALTH,Eligibility,EMINS,N
2947,I,EMPLOYEE BENEFIT MANAGEMENT SERVICES (EBMS),Eligibility,EBMS,N
5483,P,EMPLOYEE BENEFIT MANAGEMENT SERVICES (EBMS),Eligibility,EBMS,N
2005,I,EMPOWER HEALTHCARE SOLUTIONS,Eligibility,EMPOW,N
8137,P,EMPOWER HEALTHCARE SOLUTIONS,Eligibility,EMPOW,N
2274,P,ESSENCE,Eligibility,ESSNCE,N
8993,I,ESSENCE,Eligibility,ESSNCE,N
3651,I,EVERENCE,Eligibility,EVRNCE,N
5131,P,EVERENCE,Eligibility,EVRNCE,N
7030,I,EVRY HEALTH,Eligibility,EVRYHP,N
9414,P,EVRY HEALTH,Eligibility,EVRYHP,N
3449,P,EXCELLUS BCBS,Eligibility,NYEXCL,N
3526,I,EXCELLUS BCBS,Eligibility,NYEXCL,N
3528,I,EXCELLUS BCBS,Eligibility,NYEXCL,N
3618,I,EXCELLUS BCBS,Eligibility,NYEXCL,N
4408,P,EXCELLUS BCBS,Eligibility,NYEXCL,N
7432,P,EXCELLUS BCBS,Eligibility,NYEXCL,N
1576,I,FALLON COMMUNITY HEALTH PLAN,Eligibility,FALLON,N
3801,P,FALLON COMMUNITY HEALTH PLAN,Eligibility,FALLON,N
1151,P,FARM BUREAU HEALTH PLANS,Eligibility,FRMBHP,N
3096,I,FARM BUREAU HEALTH PLANS,Eligibility,FRMBHP,N
8015,I,FARM BUREAU HEALTH PLANS MAPD,Eligibility,FMBHP,N
9733,P,FARM BUREAU HEALTH PLANS MAPD,Eligibility,FMBHP,N
3792,P,FIDELIS CARE,Eligibility,FDCRNY,N
6536,I,FIDELIS CARE,Eligibility,FDCRNY,N
NONE,I,FIRST AMERITAS OF NEW YORK,Eligibility,AMTSNY,N
NONE,P,FIRST AMERITAS OF NEW YORK,Eligibility,AMTSNY,N
2890,P,FIRST CHOICE BY SELECT HEALTH OF SOUTH CAROLINA,Eligibility,SCSLHT,N
7544,I,FIRST CHOICE BY SELECT HEALTH OF SOUTH CAROLINA,Eligibility,SCSLHT,N
6453,P,FIRST CHOICE HEALTH NETWORK,Eligibility,FRSTC,N
6554,I,FIRST CHOICE HEALTH NETWORK,Eligibility,FRSTC,N
7042,I,"FIRST CHOICE NEXT A PRODUCT OF SELECT HEALTH OF SOUTH CAROLINA, INC.",Eligibility,ACNSC,N
9425,P,"FIRST CHOICE NEXT A PRODUCT OF SELECT HEALTH OF SOUTH CAROLINA, INC.",Eligibility,ACNSC,N
6087,I,FIRST CHOICE VIP CARE,Eligibility,FCVPC,N
9248,P,FIRST CHOICE VIP CARE,Eligibility,FCVPC,N
7193,P,FIRST CHOICE VIP CARE PLUS BY SELECT HEALTH OF SC,Eligibility,FCVSC,N
8631,I,FIRST CHOICE VIP CARE PLUS BY SELECT HEALTH OF SC,Eligibility,FCVSC,N
5688,I,FIRST MEDICAL HEALTH PLAN (IMC),Eligibility,FMIMC,Y
7221,P,FIRST MEDICAL HEALTH PLAN (IMC),Eligibility,FMIMC,Y
7229,P,FIRST MEDICAL HEALTH PLAN (REFORM),Eligibility,FIRMED,Y
8646,I,FIRST MEDICAL HEALTH PLAN (REFORM),Eligibility,FIRMED,Y
NONE,I,FIRST RELIANCE STANDARD LIFE INSURANCE COMPANY,Eligibility,FSTREL,N
NONE,P,FIRST RELIANCE STANDARD LIFE INSURANCE COMPANY,Eligibility,FSTREL,N
NONE,I,First United American Insurance Company,Eligibility,FUNAI,N
NONE,P,First United American Insurance Company,Eligibility,FUNAI,N
1995,I,FIRSTCARE HEALTH PLANS,Eligibility,FRTCR,N
7435,P,FIRSTCARE HEALTH PLANS,Eligibility,FRTCR,N
4077,I,FIRSTCAROLINACARE - NEW,Eligibility,FCACAR,N
8821,P,FIRSTCAROLINACARE - NEW,Eligibility,FCACAR,N
2150,P,FLORIDA HEALTH CARE PLANS,Eligibility,FLHLTH,N
3693,I,FLORIDA HEALTH CARE PLANS,Eligibility,FLHLTH,N
1478,P,FLORIDA MEDICAID,Eligibility,FLCAID,N
3516,I,FLORIDA MEDICAID,Eligibility,FLCAID,N
2559,I,GEISINGER HEALTH PLAN,Eligibility,GEISHP,N
5473,P,GEISINGER HEALTH PLAN,Eligibility,GEISHP,N
4607,I,GEMCARE - KERN COUNTY,Eligibility,GMCARE,N
6100,P,GEMCARE - KERN COUNTY,Eligibility,GMCARE,N
1494,P,GEORGIA MEDICAID,Eligibility,GACAID,N
1499,P,GEORGIA MEDICAID,Eligibility,GACAID,N
3538,I,GEORGIA MEDICAID,Eligibility,GACAID,N
4515,I,GOLDEN RULE INSURANCE,Eligibility,GLDRUL,N
6483,P,GOLDEN RULE INSURANCE,Eligibility,GLDRUL,N
1579,I,GOVERNMENT EMPLOYEES HEALTH ASSOCIATION (GEHA),Eligibility,GEHA,N
6467,P,GOVERNMENT EMPLOYEES HEALTH ASSOCIATION (GEHA),Eligibility,GEHA,N
4516,I,Great-West Healthcare,Eligibility,GWSTHC,N
6408,P,Great-West Healthcare,Eligibility,GWSTHC,N
1772,P,HAP CareSource,Eligibility,HAPCSC,N
2525,I,HAP CareSource,Eligibility,HAPCSC,N
1797,P,HAP CARESOURCE MICHIGAN DUAL MEDICARE MEDICAID,Eligibility,HAPDL,N
2697,I,HAP CARESOURCE MICHIGAN DUAL MEDICARE MEDICAID,Eligibility,HAPDL,N
2891,P,HAP CARESOURCE MICHIGAN MARKETPLACE,Eligibility,HAPMK,N
8095,I,HAP CARESOURCE MICHIGAN MARKETPLACE,Eligibility,HAPMK,N
2742,P,HARVARD PILGRIM HEALTH CARE,Eligibility,HRVPGM,N
6512,I,HARVARD PILGRIM HEALTH CARE,Eligibility,HRVPGM,N
2494,P,Health Alliance of Illinois,Eligibility,HLTAIL,N
2509,I,Health Alliance of Illinois,Eligibility,HLTAIL,N
6466,P,HEALTH ALLIANCE PLAN OF MICHIGAN,Eligibility,HAPMI,N
6513,I,HEALTH ALLIANCE PLAN OF MICHIGAN,Eligibility,HAPMI,N
3205,P,Health First Health Plan,Eligibility,HLFRT,N
6685,I,Health First Health Plan,Eligibility,HLFRT,N
NONE,I,HEALTH FIRST INSURANCE,Eligibility,HLTHFT,N
NONE,P,HEALTH FIRST INSURANCE,Eligibility,HLTHFT,N
7515,I,"HEALTH NET OF CA, OR",Eligibility,CNTENE,N
7751,P,"HEALTH NET OF CA, OR",Eligibility,CNTENE,N
2855,P,HEALTH NET OF CALIFORNIA - CLAIMS,Eligibility,CNTENE,N
6514,I,HEALTH NET OF CALIFORNIA - CLAIMS,Eligibility,CNTENE,N
3628,I,HEALTH NEW ENGLAND,Eligibility,HLTNE,N
6432,P,HEALTH NEW ENGLAND,Eligibility,HLTNE,N
1525,I,HEALTH PARTNERS OF MINNESOTA,Eligibility,HLPTMN,Y
3411,P,HEALTH PARTNERS OF MINNESOTA,Eligibility,HLPTMN,Y
2822,P,HEALTH PARTNERS PLANS OF PENNSYLVANIA,Eligibility,HPPHIL,N
4572,I,HEALTH PARTNERS PLANS OF PENNSYLVANIA,Eligibility,HPPHIL,N
3469,P,HEALTH PLAN OF SAN JOAQUIN,Eligibility,SJHP,N
4682,I,HEALTH PLAN OF SAN JOAQUIN,Eligibility,SJHP,N
4292,P,HEALTH PLAN OF SAN MATEO,Eligibility,HPOSM,N
5678,I,HEALTH PLAN OF SAN MATEO,Eligibility,HPOSM,N
1889,P,"HEALTH PLANS, INC.",Eligibility,HLPLNS,N
1909,I,"HEALTH PLANS, INC.",Eligibility,HLPLNS,N
1920,I,HEALTH SERVICES FOR CHILDREN WITH SPECIAL NEEDS,Eligibility,HSCSN,N
2297,P,HEALTH SERVICES FOR CHILDREN WITH SPECIAL NEEDS,Eligibility,HSCSN,N
1250,P,Health Share of Oregon (Mental Health),Eligibility,ORHSM,N
4582,I,Health Share of Oregon (Mental Health),Eligibility,ORHSM,N
7511,I,HEALTHCHOICE OKLAHOMA,Eligibility,UMRWAU,N
7748,P,HEALTHCHOICE OKLAHOMA,Eligibility,UMRWAU,N
7748,P,HEALTHCHOICE OKLAHOMA,Eligibility,UMRWAU,N
2984,I,HEALTHCOMP NORTH,Eligibility,BASYS,N
4287,P,HEALTHCOMP NORTH,Eligibility,BASYS,N
2934,I,HEALTHCOMP WEST,Eligibility,HLCOMP,N
3206,P,HEALTHCOMP WEST,Eligibility,HLCOMP,N
2143,P,HEALTHEZ,Eligibility,HLTEZ,N
4905,I,HEALTHEZ,Eligibility,HLTEZ,N
1854,P,HEALTHFIRST OF NEW YORK/NEW JERSEY,Eligibility,NYHFST,N
1973,I,HEALTHFIRST OF NEW YORK/NEW JERSEY,Eligibility,NYHFST,N
NONE,I,Healthfirst of NJ,Eligibility,HFSTNJ,N
NONE,P,Healthfirst of NJ,Eligibility,HFSTNJ,N
1757,P,HEALTHGRAM,Eligibility,HGRAM,N
6595,I,HEALTHGRAM,Eligibility,HGRAM,N
7485,P,HEALTHNOW BLUE CROSS BLUE SHIELD OF NEW YORK,Eligibility,HLTNOW,N
1283,P,HEALTHSCOPE BENEFITS,Eligibility,HTSBT,N
6537,I,HEALTHSCOPE BENEFITS,Eligibility,HTSBT,N
2722,P,HealthSmart Benefit Solutions,Eligibility,HSMRT,N
2959,I,HealthSmart Benefit Solutions,Eligibility,ACORDN,N
3875,P,HealthSmart Benefit Solutions,Eligibility,ACORDN,N
3926,I,HealthSmart Benefit Solutions,Eligibility,HSMRT,N
6410,P,HealthSmart Benefit Solutions,Eligibility,ACORDN,N
6593,I,HealthSmart Benefit Solutions,Eligibility,ACORDN,N
4021,I,HEALTHY BLUE DUAL ADVANTAGE LOUISIANA,Eligibility,HBDALA,N
8750,P,HEALTHY BLUE DUAL ADVANTAGE LOUISIANA,Eligibility,HBDALA,N
7562,I,HEALTHY BLUE LOUISIANA,Eligibility,AMGRLA,N
7760,P,HEALTHY BLUE LOUISIANA,Eligibility,AMGRLA,N
5019,I,HEALTHY BLUE MISSOURI,Eligibility,HBLUMO,N
8867,P,HEALTHY BLUE MISSOURI,Eligibility,HBLUMO,N
5086,I,HEALTHY BLUE NORTH CAROLINA,Eligibility,HBLUNC,N
9133,P,HEALTHY BLUE NORTH CAROLINA,Eligibility,HBLUNC,N
1566,I,HENNEPIN HEALTH,Eligibility,METHPL,N
2787,P,HENNEPIN HEALTH,Eligibility,METHPL,N
1546,I,Highmark Blue Cross Blue Shield DE,Eligibility,DEBCBS,Y
7456,P,Highmark Blue Cross Blue Shield DE,Eligibility,DEBCBS,Y
3589,I,HIGHMARK BLUE CROSS BLUE SHIELD OF WEST VIRGINIA,Eligibility,WVBCBS,Y
7131,P,HIGHMARK BLUE CROSS BLUE SHIELD OF WEST VIRGINIA,Eligibility,WVBCBS,Y
7474,P,HIGHMARK BLUE CROSS BLUE SHIELD OF WEST VIRGINIA,Eligibility,WVBCBS,Y
7680,I,HIGHMARK BLUE CROSS BLUE SHIELD OF WEST VIRGINIA,Eligibility,WVBCBS,Y
1981,I,HMA HAWAII,Eligibility,HMADMN,N
4753,P,HMA HAWAII,Eligibility,HMADMN,N
1902,I,HMAA - HAWAII MEDICAL ASSURANCE ASSOCIATION,Eligibility,HMAASC,N
2280,P,HMAA - HAWAII MEDICAL ASSURANCE ASSOCIATION,Eligibility,HMAASC,N
4652,I,HOMESTATE HEALTH PLAN,Eligibility,CNTENE,N
6196,P,HOMESTATE HEALTH PLAN,Eligibility,CNTENE,N
2839,P,Hometown Health,Eligibility,HOMTWN,N
2960,I,Hometown Health,Eligibility,HOMTWN,N
7715,P,HOPKINS HEALTH ADVANTAGE,Eligibility,HHADV,N
9656,I,HOPKINS HEALTH ADVANTAGE,Eligibility,HHADV,N
2414,P,HORIZON BLUE CROSS BLUE SHIELD OF NEW JERSEY,Eligibility,NJBCBS,N
5526,I,HORIZON BLUE CROSS BLUE SHIELD OF NEW JERSEY,Eligibility,NJBCBS,N
1709,P,HORIZON NEW JERSEY HEALTH,Eligibility,HZMRCY,N
6534,I,HORIZON NEW JERSEY HEALTH,Eligibility,HZMRCY,N
2449,P,HUMANA,Eligibility,HUMANA,N
4544,I,HUMANA,Eligibility,HUMANA,N
4544,I,HUMANA,Eligibility,HUMANA,N
7073,I,HUMANA,Eligibility,HUMANA,N
7088,I,HUMANA,Eligibility,HUMANA,N
9463,P,HUMANA,Eligibility,HUMANA,N
9701,P,HUMANA,Eligibility,HUMANA,N
5624,I,HUMANA - CARESOURCE OF KENTUCKY,Eligibility,CSRCKY,N
6259,P,HUMANA - CARESOURCE OF KENTUCKY,Eligibility,CSRCKY,N
1907,I,"ICARE, INDEPENDENT CARE HEALTH",Eligibility,INDCH,N
2285,P,"ICARE, INDEPENDENT CARE HEALTH",Eligibility,INDCH,N
3540,I,IDAHO BLUE SHIELD REGENCE,Eligibility,IDBCS,N
7426,P,IDAHO BLUE SHIELD REGENCE,Eligibility,IDBCS,N
5583,I,IDAHO MEDICAID,Eligibility,IDCAID,N
7427,P,IDAHO MEDICAID,Eligibility,IDCAID,N
1563,I,ILLINOIS MEDICAID,Eligibility,ILCAID,N
2488,P,ILLINOIS MEDICAID,Eligibility,ILCAID,N
1130,P,ILLUMIFIN-UT   (fka: SENTINEL SECURITY LIFE),Eligibility,SSLCO,N
4055,I,ILLUMIFIN-UT   (fka: SENTINEL SECURITY LIFE),Eligibility,SSLCO,N
2936,I,IMAGINE360 ADMINISTRATORS (GPA),Eligibility,GPADM,N
3757,P,IMAGINE360 ADMINISTRATORS (GPA),Eligibility,GPADM,N
1942,I,IMCARE,Eligibility,IMCARE,N
3764,P,IMCARE,Eligibility,IMCARE,N
5113,P,INDEPENDENCE ADMINISTRATORS,Eligibility,INDADM,N
1930,I,INDEPENDENCE BLUE CROSS OF PENNSYLVANIA,Eligibility,PAIBCE,N
2781,P,INDEPENDENCE BLUE CROSS OF PENNSYLVANIA,Eligibility,PAIBCE,N
2800,P,INDEPENDENCE BLUE CROSS OF PENNSYLVANIA,Eligibility,PAIBCE,N
3559,I,INDEPENDENCE BLUE CROSS OF PENNSYLVANIA,Eligibility,PAIBCE,N
3560,I,INDEPENDENCE BLUE CROSS OF PENNSYLVANIA,Eligibility,PAIBCE,N
7417,P,INDEPENDENCE BLUE CROSS OF PENNSYLVANIA,Eligibility,PAIBCE,N
1474,P,INDIANA MEDICAID,Eligibility,INCAID,N
3501,I,INDIANA MEDICAID,Eligibility,INCAID,N
2502,I,Indiana University Health Plan,Eligibility,IUHLTH,N
5479,P,Indiana University Health Plan,Eligibility,IUHLTH,N
6589,I,INLAND EMPIRE HEALTH PLAN - DOS AFTER 3/31/18,Eligibility,IEHP,N
7743,P,INLAND EMPIRE HEALTH PLAN - DOS AFTER 3/31/18,Eligibility,IEHP,N
1634,I,INNOVAGE,Eligibility,INNOV,N
4770,P,INNOVAGE,Eligibility,INNOV,N
NONE,I,Integrated Mental Health Services,Eligibility,INTMHS,N
NONE,P,Integrated Mental Health Services,Eligibility,INTMHS,N
1165,P,INTERNATIONAL BENEFITS ADMINISTRATORS,Eligibility,INTADM,N
2512,I,INTERNATIONAL BENEFITS ADMINISTRATORS,Eligibility,INTADM,N
1469,P,IOWA MEDICAID,Eligibility,IACAID,N
2571,I,IOWA MEDICAID,Eligibility,IACAID,N
2026,I,IOWA TOTAL CARE,Eligibility,CNTENE,N
8162,P,IOWA TOTAL CARE,Eligibility,CNTENE,N
3724,P,IRON ROAD HEALTHCARE,Eligibility,UPREHS,N
7587,I,IRON ROAD HEALTHCARE,Eligibility,UPREHS,N
6291,P,JAI MEDICAL SYSTEMS,Eligibility,JAIMED,N
8936,I,JAI MEDICAL SYSTEMS,Eligibility,JAIMED,N
1592,I,JOHNS HOPKINS HEALTHCARE / PRIORITY PARTNERS,Eligibility,JHHP,N
5432,P,JOHNS HOPKINS HEALTHCARE / PRIORITY PARTNERS,Eligibility,JHHP,N
2819,P,KAISER FOUNDATION HEALTH PLAN MID-ATLANTIC STATES,Eligibility,KSRMDA,N
7506,I,KAISER FOUNDATION HEALTH PLAN MID-ATLANTIC STATES,Eligibility,KSRMDA,N
1931,I,KAISER FOUNDATION HEALTH PLAN OF COLORADO,Eligibility,COKAIS,N
2439,P,KAISER FOUNDATION HEALTH PLAN OF COLORADO,Eligibility,COKAIS,N
1846,P,KAISER FOUNDATION HEALTH PLAN OF GEORGIA,Eligibility,GAKAIS,N
8546,I,KAISER FOUNDATION HEALTH PLAN OF GEORGIA,Eligibility,GAKAIS,N
2582,I,KAISER FOUNDATION HEALTH PLAN OF NORTHERN CALIFORNIA REGION,Eligibility,KSRNCA,N
3781,P,KAISER FOUNDATION HEALTH PLAN OF NORTHERN CALIFORNIA REGION,Eligibility,KSRNCA,N
1703,P,KAISER FOUNDATION HEALTH PLAN OF SOUTHERN CALIFORNIA REGION,Eligibility,KSRSCA,N
4576,I,KAISER FOUNDATION HEALTH PLAN OF SOUTHERN CALIFORNIA REGION,Eligibility,KSRSCA,N
1544,I,KAISER FOUNDATION HEALTH PLAN OF THE NORTHWEST,Eligibility,KAISNW,N
2266,P,KAISER FOUNDATION HEALTH PLAN OF THE NORTHWEST,Eligibility,KAISNW,N
6511,I,KAISER FOUNDATION HEALTH PLAN OF WASHINGTON,Eligibility,GRPNW,N
8405,P,KAISER FOUNDATION HEALTH PLAN OF WASHINGTON,Eligibility,GRPNW,N
5925,I,KAISER PERMANENTE HAWAII,Eligibility,HIKAIS,N
6772,P,KAISER PERMANENTE HAWAII,Eligibility,HIKAIS,N
1485,P,KANSAS MEDICAID,Eligibility,KSCAID,N
5520,I,KANSAS MEDICAID,Eligibility,KSCAID,N
4577,I,KEMPTON GROUP ADMINISTRATORS,Eligibility,KEMCO,N
8435,P,KEMPTON GROUP ADMINISTRATORS,Eligibility,KEMCO,N
1493,P,KENTUCKY MEDICAID,Eligibility,KYCAID,N
5535,I,KENTUCKY MEDICAID,Eligibility,KYCAID,N
2821,P,Key Benefit Administrators,Eligibility,KEYBEN,N
2836,P,Key Benefit Administrators,Eligibility,KEYBEN,N
3249,P,Key Benefit Administrators,Eligibility,KEYBEN,N
4677,I,Key Benefit Administrators,Eligibility,KEYBEN,N
4933,I,Key Benefit Administrators,Eligibility,KEYBEN,N
5880,P,Key Benefit Administrators,Eligibility,KEYBEN,N
7256,P,Key Benefit Administrators,Eligibility,KEYBEN,N
7505,I,Key Benefit Administrators,Eligibility,KEYBEN,N
7528,I,Key Benefit Administrators,Eligibility,KEYBEN,N
8673,I,Key Benefit Administrators,Eligibility,KEYBEN,N
6531,I,KEYSTONE FIRST,Eligibility,KMHPLN,N
8475,P,KEYSTONE FIRST,Eligibility,KMHPLN,N
1093,I,KEYSTONE FIRST COMMUNITY HEALTHCHOICES,Eligibility,KSFCHC,N
8121,P,KEYSTONE FIRST COMMUNITY HEALTHCHOICES,Eligibility,KSFCHC,N
6649,I,KEYSTONE VIP CHOICE,Eligibility,KVIPC,N
6751,P,KEYSTONE VIP CHOICE,Eligibility,KVIPC,N
5988,I,LA CARE HEALTH PLAN,Eligibility,LACRE,N
6484,P,LA CARE HEALTH PLAN,Eligibility,LACRE,N
2581,I,LIFEWISE HEALTH PLAN OF OREGON,Eligibility,WAPBC,N
2854,P,LIFEWISE HEALTH PLAN OF OREGON,Eligibility,WAPBC,N
NONE,I,LINCOLN HERITAGE LIFE INSURANCE COMPANY,Eligibility,LCNHG,N
NONE,P,LINCOLN HERITAGE LIFE INSURANCE COMPANY,Eligibility,LCNHG,N
4639,I,LOUISIANA HEALTH CONNECTIONS,Eligibility,CNTENE,N
6157,P,LOUISIANA HEALTH CONNECTIONS,Eligibility,CNTENE,N
1475,P,LOUISIANA MEDICAID,Eligibility,LACAID,N
2236,P,LOUISIANA MEDICAID,Eligibility,LACAID,N
3578,I,LOUISIANA MEDICAID,Eligibility,LACAID,N
6437,P,LOYAL AMERICAN LIFE INSURANCE (MEDICARE SUPPLEMENT),Eligibility,LALIMS,N
7664,I,LOYAL AMERICAN LIFE INSURANCE (MEDICARE SUPPLEMENT),Eligibility,LALIMS,N
6693,I,LUCENT HEALTH,Eligibility,CYPRSS,N
6797,P,LUCENT HEALTH,Eligibility,CYPRSS,N
3254,P,Luminare Health OH,Eligibility,CSFMH,N
4947,I,Luminare Health OH,Eligibility,CSFMH,N
1419,P,MAGELLAN HEALTHCARE,Eligibility,MAGLAN,N
5539,I,MAGELLAN HEALTHCARE,Eligibility,MAGLAN,N
1989,I,MAGNACARE,Eligibility,MAGNA,N
1611,I,MAGNOLIA HEALTH PLAN - MISSISSIPPI,Eligibility,CNTENE,N
5286,P,MAGNOLIA HEALTH PLAN - MISSISSIPPI,Eligibility,CNTENE,N
6827,P,MAINE COMMUNITY HEALTH OPTIONS,Eligibility,MECOH,N
7608,I,MAINE COMMUNITY HEALTH OPTIONS,Eligibility,MECOH,N
5259,P,MAINE MEDICAID,Eligibility,MECAID,N
9582,I,MAINE MEDICAID,Eligibility,MECAID,N
1495,P,MANAGED HEALTH NETWORK,Eligibility,CNTENE,N
1955,I,MANAGED HEALTH NETWORK,Eligibility,CNTENE,N
1562,I,MANAGED HEALTH SERVICES - INDIANA,Eligibility,CNTENE,N
2703,P,MANAGED HEALTH SERVICES - INDIANA,Eligibility,CNTENE,N
NONE,I,MANHATTAN LIFE,Eligibility,MNHTN,N
NONE,P,MANHATTAN LIFE,Eligibility,MNHTN,N
5251,P,MAPFRE,Eligibility,MAPFRE,Y
7626,I,MAPFRE,Eligibility,MAPFRE,Y
7278,P,MARPAI HEALTH,Eligibility,MARPAI,N
8971,I,MARPAI HEALTH,Eligibility,MARPAI,N
1639,I,Martins Point Health Care,Eligibility,MRTNP,N
5701,P,Martins Point Health Care,Eligibility,MRTNP,N
3045,I,MARY WASHINGTON HEALTH PLAN,Eligibility,MRYWSH,N
8294,P,MARY WASHINGTON HEALTH PLAN,Eligibility,MRYWSH,N
1488,P,MARYLAND MEDICAID,Eligibility,MDCAID,N
5552,I,MARYLAND MEDICAID,Eligibility,MDCAID,N
4068,I,MARYLAND PHYSICIANS CARE,Eligibility,MDPHCR,N
8812,P,MARYLAND PHYSICIANS CARE,Eligibility,MDPHCR,N
6088,I,MASS ADVANTAGE,Eligibility,CTMASS,N
9262,P,MASS ADVANTAGE,Eligibility,CTMASS,N
5457,P,MASS GENERAL BRIGHAM HEALTH PLAN,Eligibility,NGHBHP,N
8588,I,MASS GENERAL BRIGHAM HEALTH PLAN,Eligibility,NGHBHP,N
4491,P,Mass Health,Eligibility,MACAID,N
4492,P,Mass Health,Eligibility,MACAID,N
5529,I,Mass Health,Eligibility,MACAID,N
2592,I,MCLAREN HEALTH PLANS,Eligibility,MCLREN,N
3794,P,MCLAREN HEALTH PLANS,Eligibility,MCLREN,N
1880,P,MEDCOST BENEFIT SERVICES,Eligibility,MEDCST,N
8974,I,MEDCOST BENEFIT SERVICES,Eligibility,MEDCST,N
7154,P,Medi Share (CHRISTIAN CARE MINISTRIES),Eligibility,CCMINS,N
8638,I,Medi Share (CHRISTIAN CARE MINISTRIES),Eligibility,CCMINS,N
5012,I,MEDICA GOVERNMENT PROGRAMS,Eligibility,MEDGP,N
8860,P,MEDICA GOVERNMENT PROGRAMS,Eligibility,MEDGP,N
1431,P,MEDICA HEALTH PLAN,Eligibility,UHC,N
8598,I,MEDICA HEALTH PLAN,Eligibility,UHC,N
1032,I,Medica Health Plan Solutions,Eligibility,MHSRT,N
7859,P,Medica Health Plan Solutions,Eligibility,MHSRT,N
4243,P,MEDICA HEALTHCARE PLAN OF FLORIDA,Eligibility,UHC,N
7641,I,MEDICA HEALTHCARE PLAN OF FLORIDA,Eligibility,UHC,N
6694,I,MEDICA INDIVIDUAL AND FAMILY (IFB),Eligibility,MEDIFB,N
6799,P,MEDICA INDIVIDUAL AND FAMILY (IFB),Eligibility,MEDIFB,N
1928,I,MEDICAL ASSOCIATES HEALTH PLAN,Eligibility,MAHP,N
2772,P,MEDICAL ASSOCIATES HEALTH PLAN,Eligibility,MAHP,N
1728,P,"MEDICAL BENEFITS ADMINISTRATORS (NEWARK, OHIO)",Eligibility,MDBEN,N
8513,I,"MEDICAL BENEFITS ADMINISTRATORS (NEWARK, OHIO)",Eligibility,MDBEN,N
1543,I,MEDICAL CARD SYSTEM (MCS),Eligibility,MCSPR,Y
6712,P,MEDICAL CARD SYSTEM (MCS),Eligibility,MCSPR,Y
3506,I,MEDICAL MUTUAL OF OHIO,Eligibility,MMUTOH,N
4423,P,MEDICAL MUTUAL OF OHIO,Eligibility,MMUTOH,N
1434,P,MEDICARE,Eligibility,CMSMED,Y
1435,P,MEDICARE,Eligibility,CMSMED,Y
1436,P,MEDICARE,Eligibility,CMSMED,Y
1437,P,MEDICARE,Eligibility,CMSMED,Y
1438,P,MEDICARE,Eligibility,CMSMED,Y
1440,P,MEDICARE,Eligibility,CMSMED,Y
1441,P,MEDICARE,Eligibility,CMSMED,Y
1442,P,MEDICARE,Eligibility,CMSMED,Y
1443,P,MEDICARE,Eligibility,CMSMED,Y
1444,P,MEDICARE,Eligibility,CMSMED,Y
1445,P,MEDICARE,Eligibility,CMSMED,Y
1446,P,MEDICARE,Eligibility,CMSMED,Y
1447,P,MEDICARE,Eligibility,CMSMED,Y
1448,P,MEDICARE,Eligibility,CMSMED,Y
1449,P,MEDICARE,Eligibility,CMSMED,Y
1450,P,MEDICARE,Eligibility,CMSMED,Y
1451,P,MEDICARE,Eligibility,CMSMED,Y
1452,P,MEDICARE,Eligibility,CMSMED,Y
1453,P,MEDICARE,Eligibility,CMSMED,Y
1455,P,MEDICARE,Eligibility,CMSMED,Y
1456,P,MEDICARE,Eligibility,CMSMED,Y
1457,P,MEDICARE,Eligibility,CMSMED,Y
1458,P,MEDICARE,Eligibility,CMSMED,Y
1459,P,MEDICARE,Eligibility,CMSMED,Y
1460,P,MEDICARE,Eligibility,CMSMED,Y
1461,P,MEDICARE,Eligibility,CMSMED,Y
1462,P,MEDICARE,Eligibility,CMSMED,Y
1463,P,MEDICARE,Eligibility,CMSMED,Y
1464,P,MEDICARE,Eligibility,CMSMED,Y
1465,P,MEDICARE,Eligibility,CMSMED,Y
1466,P,MEDICARE,Eligibility,CMSMED,Y
1505,I,MEDICARE,Eligibility,CMSHSP,Y
1506,I,MEDICARE,Eligibility,CMSHSP,Y
1519,I,MEDICARE,Eligibility,CMSHSP,Y
1522,I,MEDICARE,Eligibility,CMSHSP,Y
1523,I,MEDICARE,Eligibility,CMSHSP,Y
1526,I,MEDICARE,Eligibility,CMSHSP,Y
1527,I,MEDICARE,Eligibility,CMSHSP,Y
1547,I,MEDICARE,Eligibility,CMSHSP,Y
1558,I,MEDICARE,Eligibility,CMSHSP,Y
1560,I,MEDICARE,Eligibility,CMSHSP,Y
1640,I,MEDICARE,Eligibility,CMSHSP,Y
1947,I,MEDICARE,Eligibility,CMSHSP,Y
1987,I,MEDICARE,Eligibility,CMSHSP,Y
2451,P,MEDICARE,Eligibility,CMSMED,Y
2452,P,MEDICARE,Eligibility,CMSMED,Y
2453,P,MEDICARE,Eligibility,CMSMED,Y
2454,P,MEDICARE,Eligibility,CMSMED,Y
2455,P,MEDICARE,Eligibility,CMSMED,Y
2456,P,MEDICARE,Eligibility,CMSMED,Y
2457,P,MEDICARE,Eligibility,CMSMED,Y
2458,P,MEDICARE,Eligibility,CMSMED,Y
2459,P,MEDICARE,Eligibility,CMSMED,Y
2461,P,MEDICARE,Eligibility,CMSMED,Y
2462,P,MEDICARE,Eligibility,CMSMED,Y
2463,P,MEDICARE,Eligibility,CMSMED,Y
2464,P,MEDICARE,Eligibility,CMSMED,Y
2465,P,MEDICARE,Eligibility,CMSMED,Y
2466,P,MEDICARE,Eligibility,CMSMED,Y
2467,P,MEDICARE,Eligibility,CMSMED,Y
2468,P,MEDICARE,Eligibility,CMSMED,Y
2469,P,MEDICARE,Eligibility,CMSMED,Y
2470,P,MEDICARE,Eligibility,CMSMED,Y
2471,P,MEDICARE,Eligibility,CMSMED,Y
2472,P,MEDICARE,Eligibility,CMSMED,Y
2528,I,MEDICARE,Eligibility,CMSHSP,Y
2537,I,MEDICARE,Eligibility,CMSHSP,Y
2785,P,MEDICARE,Eligibility,CMSMED,Y
3500,I,MEDICARE,Eligibility,CMSHSP,Y
3507,I,MEDICARE,Eligibility,CMSHSP,Y
3508,I,MEDICARE,Eligibility,CMSHSP,Y
3515,I,MEDICARE,Eligibility,CMSHSP,Y
3518,I,MEDICARE,Eligibility,CMSHSP,Y
3519,I,MEDICARE,Eligibility,CMSHSP,Y
3521,I,MEDICARE,Eligibility,CMSHSP,Y
3533,I,MEDICARE,Eligibility,CMSHSP,Y
3536,I,MEDICARE,Eligibility,CMSHSP,Y
3544,I,MEDICARE,Eligibility,CMSHSP,Y
3547,I,MEDICARE,Eligibility,CMSHSP,Y
3563,I,MEDICARE,Eligibility,CMSHSP,Y
3579,I,MEDICARE,Eligibility,CMSHSP,Y
3583,I,MEDICARE,Eligibility,CMSHSP,Y
3597,I,MEDICARE,Eligibility,CMSHSP,Y
4442,P,MEDICARE,Eligibility,CMSMED,Y
4451,P,MEDICARE,Eligibility,CMSMED,Y
4487,P,MEDICARE,Eligibility,CMSMED,Y
5094,I,MEDICARE,Eligibility,CMSHSP,Y
5502,I,MEDICARE,Eligibility,CMSHSP,Y
5503,I,MEDICARE,Eligibility,CMSHSP,Y
5506,I,MEDICARE,Eligibility,CMSHSP,Y
5512,I,MEDICARE,Eligibility,CMSHSP,Y
5515,I,MEDICARE,Eligibility,CMSHSP,Y
5518,I,MEDICARE,Eligibility,CMSHSP,Y
5521,I,MEDICARE,Eligibility,CMSHSP,Y
5525,I,MEDICARE,Eligibility,CMSHSP,Y
5527,I,MEDICARE,Eligibility,CMSHSP,Y
5530,I,MEDICARE,Eligibility,CMSHSP,Y
5533,I,MEDICARE,Eligibility,CMSHSP,Y
5536,I,MEDICARE,Eligibility,CMSHSP,Y
5544,I,MEDICARE,Eligibility,CMSHSP,Y
5546,I,MEDICARE,Eligibility,CMSHSP,Y
5554,I,MEDICARE,Eligibility,CMSHSP,Y
5556,I,MEDICARE,Eligibility,CMSHSP,Y
5559,I,MEDICARE,Eligibility,CMSHSP,Y
5566,I,MEDICARE,Eligibility,CMSHSP,Y
5567,I,MEDICARE,Eligibility,CMSHSP,Y
5572,I,MEDICARE,Eligibility,CMSHSP,Y
5578,I,MEDICARE,Eligibility,CMSHSP,Y
5581,I,MEDICARE,Eligibility,CMSHSP,Y
5584,I,MEDICARE,Eligibility,CMSHSP,Y
5589,I,MEDICARE,Eligibility,CMSHSP,Y
5598,I,MEDICARE,Eligibility,CMSHSP,Y
5907,I,MEDICARE,Eligibility,CMSHSP,Y
5912,I,MEDICARE,Eligibility,CMSHSP,Y
5954,I,MEDICARE,Eligibility,CMSHSP,Y
7400,P,MEDICARE,Eligibility,CMSMED,Y
7401,P,MEDICARE,Eligibility,CMSMED,Y
7402,P,MEDICARE,Eligibility,CMSMED,Y
7419,P,MEDICARE,Eligibility,CMSMED,Y
7475,P,MEDICARE,Eligibility,CMSMED,Y
7476,P,MEDICARE,Eligibility,CMSMED,Y
7477,P,MEDICARE,Eligibility,CMSMED,Y
7478,P,MEDICARE,Eligibility,CMSMED,Y
NONE,P,MEDICARE,Eligibility,CMSHSP,N
NONE,P,MEDICARE,Eligibility,CMSMED,N
6600,I,MEDICO INSURANCE COMPANY,Eligibility,MDICO,N
6885,P,MEDICO INSURANCE COMPANY,Eligibility,MDICO,N
1584,I,MEDIGOLD HMO,Eligibility,MEDGLD,N
4714,P,MEDIGOLD HMO,Eligibility,MEDGLD,N
5930,I,MEDIGOLD HMO,Eligibility,MEDGLD,N
5930,I,MEDIGOLD HMO,Eligibility,MEDGLD,N
7118,P,MEDIGOLD HMO,Eligibility,MEDGLD,N
7118,P,MEDIGOLD HMO,Eligibility,MEDGLD,N
7075,I,MED-PAY,Eligibility,MEDPY,N
7480,P,MED-PAY,Eligibility,MEDPY,N
3614,I,MEDSTAR FAMILY CHOICE (MD),Eligibility,MSFC,N
4775,P,MEDSTAR FAMILY CHOICE (MD),Eligibility,MSFC,N
4076,I,"MEDSTAR FAMILY CHOICE, INC (DC)",Eligibility,DCMED,N
8819,P,"MEDSTAR FAMILY CHOICE, INC (DC)",Eligibility,DCMED,N
3433,P,MERCY CARE PLAN,Eligibility,AZMCP,N
3530,I,MERCY CARE PLAN,Eligibility,AZMCP,N
5985,I,Mercy Care RBHA,Eligibility,MMICR,N
6717,P,Mercy Care RBHA,Eligibility,MMICR,N
5058,I,MERIDIAN MEDICARE MEDICAID PLAN,Eligibility,MCCIL,N
9102,P,MERIDIAN MEDICARE MEDICAID PLAN,Eligibility,MCCIL,N
1708,P,MERITAIN HEALTH MINNEAPOLIS,Eligibility,MERITN,N
4561,I,MERITAIN HEALTH MINNEAPOLIS,Eligibility,MERITN,N
8789,P,METLIFE,Eligibility,MLDNTL,N
NONE,I,METLIFE,Eligibility,MLDNTL,N
2296,P,METROPLUSHEALTH,Eligibility,METPL,N
8972,I,METROPLUSHEALTH,Eligibility,METPL,N
2702,P,MHS HEALTH WISCONSIN,Eligibility,CNTENE,N
3504,I,MHS HEALTH WISCONSIN,Eligibility,CNTENE,N
2480,P,MICHIGAN MEDICAID,Eligibility,MICAID,Y
3512,I,MICHIGAN MEDICAID,Eligibility,MICAID,Y
1468,P,MINNESOTA MEDICAID,Eligibility,1468,N
1568,I,MINNESOTA MEDICAID,Eligibility,1468,N
1490,P,MISSISSIPPI MEDICAID,Eligibility,MSCAID,N
5557,I,MISSISSIPPI MEDICAID,Eligibility,MSCAID,N
5561,I,Mississippi State Employees and Teachers Health Plan,Eligibility,MSSEHP,N
1471,P,MISSOURI MEDICAID,Eligibility,MOCAID,N
5571,I,MISSOURI MEDICAID,Eligibility,MOCAID,N
1591,I,MMM HEALTHCARE,Eligibility,MMMHC,Y
5819,P,MMM HEALTHCARE,Eligibility,MMMHC,Y
7230,P,MMM MULTI HEALTH (REFORM),Eligibility,MMMHRF,Y
8647,I,MMM MULTI HEALTH (REFORM),Eligibility,MMMHRF,Y
2576,I,MODA HEALTH,Eligibility,MDAHLT,N
7498,P,MODA HEALTH,Eligibility,MDAHLT,N
1098,I,Molina Complete Care of Arizona,Eligibility,MLNAZ,N
8127,P,Molina Complete Care of Arizona,Eligibility,MLNAZ,N
3042,I,Molina Complete Care of Virginia,Eligibility,MLNVA,N
8291,P,Molina Complete Care of Virginia,Eligibility,MLNVA,N
1423,P,MOLINA HEALTHCARE OF CALIFORNIA,Eligibility,CAMLNA,N
3539,I,MOLINA HEALTHCARE OF CALIFORNIA,Eligibility,CAMLNA,N
4879,P,MOLINA HEALTHCARE OF FLORIDA,Eligibility,FLMLNA,N
8913,I,MOLINA HEALTHCARE OF FLORIDA,Eligibility,FLMLNA,N
1018,I,MOLINA HEALTHCARE OF IDAHO,Eligibility,MLNID,N
7842,P,MOLINA HEALTHCARE OF IDAHO,Eligibility,MLNID,N
6806,P,MOLINA HEALTHCARE OF ILLINOIS,Eligibility,MOLIL,N
6907,I,MOLINA HEALTHCARE OF ILLINOIS,Eligibility,MOLIL,N
3551,I,MOLINA HEALTHCARE OF MICHIGAN,Eligibility,MIMLNA,N
5443,P,MOLINA HEALTHCARE OF MICHIGAN,Eligibility,MIMLNA,N
1053,I,MOLINA HEALTHCARE OF MISSISSIPPI,Eligibility,MLNMS,N
7880,P,MOLINA HEALTHCARE OF MISSISSIPPI,Eligibility,MLNMS,N
1835,P,Molina Healthcare of Nebraska,Eligibility,MLNNE,N
3626,I,Molina Healthcare of Nebraska,Eligibility,MLNNE,N
6086,I,MOLINA HEALTHCARE OF NEVADA,Eligibility,MLNNV,N
9247,P,MOLINA HEALTHCARE OF NEVADA,Eligibility,MLNNV,N
3848,P,MOLINA HEALTHCARE OF NEW MEXICO,Eligibility,NMMLNA,N
8914,I,MOLINA HEALTHCARE OF NEW MEXICO,Eligibility,NMMLNA,N
3434,P,MOLINA HEALTHCARE OF NEW YORK,Eligibility,SCHCTC,N
5684,I,MOLINA HEALTHCARE OF NEW YORK,Eligibility,SCHCTC,N
6794,P,Molina Healthcare of South Carolina,Eligibility,SCMLNA,N
6998,I,Molina Healthcare of South Carolina,Eligibility,SCMLNA,N
4226,P,MOLINA HEALTHCARE OF TEXAS,Eligibility,TXMLNA,N
4957,I,MOLINA HEALTHCARE OF TEXAS,Eligibility,TXMLNA,N
3611,I,MOLINA HEALTHCARE OF UTAH,Eligibility,UTMLNA,N
4237,P,MOLINA HEALTHCARE OF UTAH,Eligibility,UTMLNA,N
1863,P,MOLINA HEALTHCARE OF WASHINGTON,Eligibility,WAMLNA,N
2561,I,MOLINA HEALTHCARE OF WASHINGTON,Eligibility,WAMLNA,N
2119,P,MOLINA HEALTHCARE OF WISCONSIN,Eligibility,MLNAWI,N
5951,I,MOLINA HEALTHCARE OF WISCONSIN,Eligibility,MLNAWI,N
1908,I,Molina of Ohio,Eligibility,OHMLNA,N
2286,P,Molina of Ohio,Eligibility,OHMLNA,N
7072,I,Molina Ohio Medicaid,Eligibility,OHMLNA,N
9462,P,Molina Ohio Medicaid,Eligibility,OHMLNA,N
5585,I,MONTANA BLUE CROSS BLUE SHIELD,Eligibility,MTBCBS,N
7450,P,MONTANA BLUE CROSS BLUE SHIELD,Eligibility,MTBCBS,N
4427,P,MONTANA MEDICAID,Eligibility,MTCAID,N
5586,I,MONTANA MEDICAID,Eligibility,MTCAID,N
2167,P,MUNICIPAL HEALTH BENEFIT FUND,Eligibility,MNHBF,N
5956,I,MUNICIPAL HEALTH BENEFIT FUND,Eligibility,MNHBF,N
2290,P,MUTUAL HEALTH SERVICES,Eligibility,ANTAR,N
2935,I,MUTUAL HEALTH SERVICES,Eligibility,ANTAR,N
2420,P,MUTUAL OF OMAHA,Eligibility,MUTOMH,N
4530,I,MUTUAL OF OMAHA,Eligibility,MUTOMH,N
1748,P,MVP HEALTH CARE,Eligibility,NYMVP,N
6538,I,MVP HEALTH CARE,Eligibility,NYMVP,N
7224,P,NATIONAL ASSOCIATION OF LETTER CARRIERS,Eligibility,NAOLC,N
8640,I,NATIONAL ASSOCIATION OF LETTER CARRIERS,Eligibility,NAOLC,N
2407,P,NATIONAL TELECOMMUNICATIONS COOP ASSOC (NTCA),Eligibility,NTCA,N
3987,I,NATIONAL TELECOMMUNICATIONS COOP ASSOC (NTCA),Eligibility,NTCA,N
1476,P,NEBRASKA MEDICAID,Eligibility,NEBMD,Y
1520,I,NEBRASKA MEDICAID,Eligibility,NEBMD,Y
1164,P,NEBRASKA TOTAL CARE,Eligibility,CNTENE,N
2508,I,NEBRASKA TOTAL CARE,Eligibility,CNTENE,N
2487,P,Neighborhood Health Plan of Rhode Island,Eligibility,RINHP,N
3645,I,Neighborhood Health Plan of Rhode Island,Eligibility,RINHP,N
1615,I,NETWORK HEALTH INSURANCE CORP MEDICARE,Eligibility,NHICMC,N
2102,P,NETWORK HEALTH INSURANCE CORP MEDICARE,Eligibility,NHICMC,N
1783,P,NETWORK HEALTH PLAN WISCONSIN,Eligibility,NTWHL,N
3574,I,NETWORK HEALTH PLAN WISCONSIN,Eligibility,NTWHL,N
2907,I,NEVADA MEDICAID,Eligibility,CAIDNV,N
7495,P,NEVADA MEDICAID,Eligibility,CAIDNV,N
NONE,I,NEVADA MEDICAID,Eligibility,CAIDNV,N
NONE,P,NEVADA MEDICAID,Eligibility,CAIDNV,N
1477,P,New Era Life Insurance Company,Eligibility,NWERAL,N
3973,I,New Era Life Insurance Company,Eligibility,NWERAL,N
5628,I,NEW HAMPSHIRE HEALTHY FAMILIES,Eligibility,CNTENE,N
6262,P,NEW HAMPSHIRE HEALTHY FAMILIES,Eligibility,CNTENE,N
1483,P,NEW JERSEY MEDICAID,Eligibility,NJCAID,N
5505,I,NEW JERSEY MEDICAID,Eligibility,NJCAID,N
1492,P,NEW MEXICO MEDICAID,Eligibility,NMCAID,N
5562,I,NEW MEXICO MEDICAID,Eligibility,NMCAID,N
3525,I,NEW YORK BLUE CROSS BLUE SHIELD NORTHEASTERN,Eligibility,NYBCNE,N
7433,P,NEW YORK BLUE CROSS BLUE SHIELD NORTHEASTERN,Eligibility,NYBCNE,N
3425,P,NEW YORK INDEPENDENT HEALTH ASSOC (IHA) - WESTERN,Eligibility,NYIHAW,N
3545,I,NEW YORK INDEPENDENT HEALTH ASSOC (IHA) - WESTERN,Eligibility,NYIHAW,N
1422,P,NEW YORK MEDICAID,Eligibility,NYCAID,N
1500,I,NEW YORK MEDICAID,Eligibility,NYCAID,N
1501,I,NEW YORK MEDICAID,Eligibility,NYCAID,N
1502,I,NEW YORK MEDICAID,Eligibility,NYCAID,N
1213,P,NHC ADVANTAGE,Eligibility,NHCADV,N
3935,I,NHC ADVANTAGE,Eligibility,NHCADV,N
6443,P,NIPPON LIFE INSURANCE COMPANY OF AMERICA,Eligibility,NLICOA,N
6539,I,NIPPON LIFE INSURANCE COMPANY OF AMERICA,Eligibility,NLICOA,N
1480,P,NORTH CAROLINA MEDICAID,Eligibility,NCCAID,N
3564,I,NORTH CAROLINA MEDICAID,Eligibility,NCCAID,N
1487,P,NORTH DAKOTA MEDICAID,Eligibility,1487,N
5594,I,NORTH DAKOTA MEDICAID,Eligibility,1487,N
5652,I,NORTHWEST ADMINISTRATORS,Eligibility,NWADM,N
6293,P,NORTHWEST ADMINISTRATORS,Eligibility,NWADM,N
5486,P,NOVA HEALTHCARE ADMINISTRATORS NY,Eligibility,NOVAHC,N
7583,I,NOVA HEALTHCARE ADMINISTRATORS NY,Eligibility,NOVAHC,N
2511,I,NOVASYS HEALTH NETWORK,Eligibility,CNTENE,N
3733,P,NOVASYS HEALTH NETWORK,Eligibility,CNTENE,N
2481,P,OHIO MEDICAID,Eligibility,OHCAID,N
3509,I,OHIO MEDICAID,Eligibility,OHCAID,N
7052,I,OHIORISE - AETNA BETTER HEALTH OF OHIO,Eligibility,OHRISE,N
9435,P,OHIORISE - AETNA BETTER HEALTH OF OHIO,Eligibility,OHRISE,N
7513,I,OKLAHOMA DEPARTMENT OF CORRECTIONS,Eligibility,UMRWAU,N
7750,P,OKLAHOMA DEPARTMENT OF CORRECTIONS,Eligibility,UMRWAU,N
2753,P,OKLAHOMA MEDICAID,Eligibility,OKCAID,N
3594,I,OKLAHOMA MEDICAID,Eligibility,OKCAID,N
4608,I,OPTUM MEDICAL NETWORK,Eligibility,LFPRT,N
6101,P,OPTUM MEDICAL NETWORK,Eligibility,LFPRT,N
1481,P,OREGON MEDICAID,Eligibility,ORCAID,N
5517,I,OREGON MEDICAID,Eligibility,ORCAID,N
7468,P,OSCAR HEALTH,Eligibility,OSCAR,N
9638,I,OSCAR HEALTH,Eligibility,OSCAR,N
6485,P,OXFORD HEALTH PLANS,Eligibility,OXFORD,N
6549,I,OXFORD HEALTH PLANS,Eligibility,OXFORD,N
6582,I,PA HEALTH AND WELLNESS,Eligibility,CNTENE,N
7740,P,PA HEALTH AND WELLNESS,Eligibility,CNTENE,N
4794,P,PacificSource Community Solutions,Eligibility,PSCSOL,N
4972,I,PacificSource Community Solutions,Eligibility,PSCSOL,N
3627,I,PACIFICSOURCE HEALTH,Eligibility,PSHLTH,N
5441,P,PACIFICSOURCE HEALTH,Eligibility,PSHLTH,N
5805,P,PACIFICSOURCE HEALTH,Eligibility,PSHLTH,N
6575,I,PACIFICSOURCE HEALTH,Eligibility,PSHLTH,N
4627,I,PACIFICSOURCE MEDICARE,Eligibility,PSMED,N
6147,P,PACIFICSOURCE MEDICARE,Eligibility,PSMED,N
6861,P,Pan-American Life Ins Co,Eligibility,PNAIC,N
7642,I,Pan-American Life Ins Co,Eligibility,PNAIC,N
3275,P,PARAMOUNT,Eligibility,PRMNT,N
5977,I,PARAMOUNT,Eligibility,PRMNT,N
1763,P,PARKLAND COMMUNITY HEALTH PLAN,Eligibility,PRKLND,N
8967,I,PARKLAND COMMUNITY HEALTH PLAN,Eligibility,PRKLND,N
3902,I,PARTNERSHIP HEALTHPLAN OF CALIFORNIA,Eligibility,PRTHP,N
7497,P,PARTNERSHIP HEALTHPLAN OF CALIFORNIA,Eligibility,PRTHP,N
1004,I,PASSPORT ADVANTAGE,Eligibility,PSPRT,N
7829,P,PASSPORT ADVANTAGE,Eligibility,PSPRT,N
5015,I,Passport Health Plan by Molina Healthcare,Eligibility,MLNKY,N
8863,P,Passport Health Plan by Molina Healthcare,Eligibility,MLNKY,N
6853,P,PAYER FUSION,Eligibility,FUSION,N
7636,I,PAYER FUSION,Eligibility,FUSION,N
1921,I,PEACH STATE HEALTH PLAN,Eligibility,CNTENE,N
2417,P,PEACH STATE HEALTH PLAN,Eligibility,CNTENE,N
1491,P,PENNSYLVANIA MEDICAID,Eligibility,PACAID,N
5509,I,PENNSYLVANIA MEDICAID,Eligibility,PACAID,N
2923,I,PEOPLES HEALTH NETWORK,Eligibility,PEOPLE,N
8455,P,PEOPLES HEALTH NETWORK,Eligibility,PEOPLE,N
4657,I,PERFORMCARE,Eligibility,PFMCR,N
6183,P,PERFORMCARE,Eligibility,PFMCR,N
3044,I,PHYSICIANS HEALTH PLAN OF MICHIGAN MEDICARE,Eligibility,PHPMIM,N
8293,P,PHYSICIANS HEALTH PLAN OF MICHIGAN MEDICARE,Eligibility,PHPMIM,N
1936,I,PHYSICIANS HEALTH PLAN OF MID MICHIGAN,Eligibility,PHPMI,N
2498,P,PHYSICIANS HEALTH PLAN OF MID MICHIGAN,Eligibility,PHPMI,N
3596,I,PHYSICIANS HEALTH PLAN OF NORTHERN INDIANA,Eligibility,PHPNI,N
3815,P,PHYSICIANS HEALTH PLAN OF NORTHERN INDIANA,Eligibility,PHPNI,N
3889,P,PHYSICIANS MUTUAL INSURANCE COMPANY,Eligibility,PHYSMT,N
4508,I,PHYSICIANS MUTUAL INSURANCE COMPANY,Eligibility,PHYSMT,N
2240,P,PREFERRED CARE PARTNERS,Eligibility,UHC,N
3929,I,PREFERRED CARE PARTNERS,Eligibility,UHC,N
3410,P,PREFERRED ONE OF MINNESOTA,Eligibility,PRFONE,N
8578,I,PREFERRED ONE OF MINNESOTA,Eligibility,PRFONE,N
1565,I,PRIME WEST,Eligibility,PRMWST,N
2786,P,PRIME WEST,Eligibility,PRMWST,N
8046,I,Primewell Health Services,Eligibility,VANTHP,N
9764,P,Primewell Health Services,Eligibility,VANTHP,N
3591,I,PRIORITY HEALTH OF MICHIGAN,Eligibility,PRIRTY,N
3591,I,PRIORITY HEALTH OF MICHIGAN,Eligibility,PRIRTY,N
7459,P,PRIORITY HEALTH OF MICHIGAN,Eligibility,PRIRTY,N
7459,P,PRIORITY HEALTH OF MICHIGAN,Eligibility,PRIRTY,N
2807,P,"PROFESSIONAL BENEFIT ADMINISTRATORS (OAKBROOK, IL)",Eligibility,ILPBA,N
2950,I,"PROFESSIONAL BENEFIT ADMINISTRATORS (OAKBROOK, IL)",Eligibility,ILPBA,N
7218,P,PROMINENCE HEALTH PLAN OF NEVADA,Eligibility,PHPNV,N
8635,I,PROMINENCE HEALTH PLAN OF NEVADA,Eligibility,PHPNV,N
7219,P,PROMINENCE HEALTH PLAN OF TEXAS,Eligibility,STMRHT,N
8636,I,PROMINENCE HEALTH PLAN OF TEXAS,Eligibility,STMRHT,N
2956,I,PROMINENCE HEALTH PLAN PPO/HMO,Eligibility,STMRH,N
4256,P,PROMINENCE HEALTH PLAN PPO/HMO,Eligibility,STMRH,N
5030,I,PROMINENCE HEALTHFIRST OF FLORIDA INC,Eligibility,PRHFFL,N
8878,P,PROMINENCE HEALTHFIRST OF FLORIDA INC,Eligibility,PRHFFL,N
2751,P,PROMISE HEALTH,Eligibility,PROMS,N
7928,I,PROMISE HEALTH,Eligibility,PROMS,N
1540,I,PROVIDENCE HEALTH PLAN,Eligibility,PROVHP,N
4498,P,PROVIDENCE HEALTH PLAN,Eligibility,PROVHP,N
NONE,I,Provident Life & Health Mcare Suplmnt,Eligibility,PALHMS,N
NONE,P,Provident Life & Health Mcare Suplmnt,Eligibility,PALHMS,N
4727,P,PUBLIC EMPLOYEE HEALTH PLAN (PEHP),Eligibility,PEHP,N
2593,I,QUALCHOICE OF ARKANSAS,Eligibility,QUCHO,N
5428,P,QUALCHOICE OF ARKANSAS,Eligibility,QUCHO,N
7264,P,QUARTZ ASO,Eligibility,QUARTZ,N
8677,I,QUARTZ ASO,Eligibility,QUARTZ,N
6875,P,QUIKTRIP,Eligibility,QTCORP,N
8937,I,QUIKTRIP,Eligibility,QTCORP,N
2404,P,REGENCE BLUE CROSS BLUE SHIELD OF OREGON,Eligibility,ORRBCS,N
5516,I,REGENCE BLUE CROSS BLUE SHIELD OF OREGON,Eligibility,ORRBCS,N
1529,I,REGENCE BLUE CROSS BLUE SHIELD OF UTAH,Eligibility,UTREBC,N
1530,I,REGENCE BLUE CROSS BLUE SHIELD OF UTAH,Eligibility,UTFEPI,N
2788,P,REGENCE BLUE CROSS BLUE SHIELD OF UTAH,Eligibility,UTFEPP,N
1997,I,REGENCE BLUE SHIELD OF WASHINGTON,Eligibility,WARBCS,N
7451,P,REGENCE BLUE SHIELD OF WASHINGTON,Eligibility,WARBCS,N
1209,P,REGENCE GROUP ADMINISTRATORS,Eligibility,RGADM,N
3577,I,REGENCE GROUP ADMINISTRATORS,Eligibility,RGADM,N
NONE,I,RELIANCE STANDARD LIFE INSURANCE COMPANY,Eligibility,RELSTD,N
NONE,P,RELIANCE STANDARD LIFE INSURANCE COMPANY,Eligibility,RELSTD,N
2682,I,RESERVE NATIONAL INSURANCE,Eligibility,RESNI,N
5812,P,RESERVE NATIONAL INSURANCE,Eligibility,RESNI,N
3556,I,ROCKY MOUNTAIN HMO,Eligibility,RKYMHP,N
7470,P,ROCKY MOUNTAIN HMO,Eligibility,RKYMHP,N
1808,P,ROYAL NEIGHBORS of AMERICA,Eligibility,RYLNB,N
NONE,I,ROYAL NEIGHBORS of AMERICA,Eligibility,RYLNB,N
2122,P,SAMARITAN HEALTH PLANS,Eligibility,SAMAR,N
5952,I,SAMARITAN HEALTH PLANS,Eligibility,SAMAR,N
6633,I,SAN FRANCISCO HEALTH PLAN,Eligibility,SFHP,N
6736,P,SAN FRANCISCO HEALTH PLAN,Eligibility,SFHP,N
2025,I,SANA BENEFITS,Eligibility,SANAB,N
8161,P,SANA BENEFITS,Eligibility,SANAB,N
2116,P,SANFORD HEALTH PLAN,Eligibility,SNFDHP,N
5961,I,SANFORD HEALTH PLAN,Eligibility,SNFDHP,N
5961,I,SANFORD HEALTH PLAN,Eligibility,SNFDHP,N
3613,I,SANTA CLARA FAMILY HEALTH PLAN,Eligibility,SCFHP,N
5181,P,SANTA CLARA FAMILY HEALTH PLAN,Eligibility,SCFHP,N
4588,I,SECURITY HEALTH PLAN,Eligibility,SECHP,N
5427,P,SECURITY HEALTH PLAN,Eligibility,SECHP,N
1532,I,SELECTHEALTH,Eligibility,UTSLHT,N
4480,P,SELECTHEALTH,Eligibility,UTSLHT,N
2028,I,SELMAN AND COMPANY,Eligibility,SELMN,N
8164,P,SELMAN AND COMPANY,Eligibility,SELMN,N
2983,I,Senior Care Action Network (SCAN) HMO,Eligibility,SCNHMO,N
4464,P,Senior Care Action Network (SCAN) HMO,Eligibility,SCNHMO,N
5068,I,SENIOR WHOLE HEALTH NEW YORK,Eligibility,SWHNY,N
9115,P,SENIOR WHOLE HEALTH NEW YORK,Eligibility,SWHNY,N
6085,I,SENIOR WHOLE HEALTH OF MASSACHUSETTS,Eligibility,SWHMA,N
9246,P,SENIOR WHOLE HEALTH OF MASSACHUSETTS,Eligibility,SWHMA,N
7499,P,SENTARA HEALTH/OPTIMA HEALTH,Eligibility,OPTSNT,N
7567,I,SENTARA HEALTH/OPTIMA HEALTH,Eligibility,OPTSNT,N
7056,I,SHARED HEALTH MISSISSIPPI,Eligibility,SHTMS,N
9438,P,SHARED HEALTH MISSISSIPPI,Eligibility,SHTMS,N
7226,P,SHARP HEALTH PLAN,Eligibility,SHARP,N
8643,I,SHARP HEALTH PLAN,Eligibility,SHARP,N
1994,I,SIERRA HEALTH SERVICES,Eligibility,SIERA,N
3880,P,SIERRA HEALTH SERVICES,Eligibility,SIERA,N
2542,I,SIHO INSURANCE SERVICES,Eligibility,SIHO,N
4406,P,SIHO INSURANCE SERVICES,Eligibility,SIHO,N
1263,P,SILVER SUMMIT HEALTH PLAN,Eligibility,CNTENE,N
5542,I,SILVER SUMMIT HEALTH PLAN,Eligibility,CNTENE,N
1096,I,"SIMPLY HEALTHCARE PLANS, INC.",Eligibility,SMPLH,N
8124,P,"SIMPLY HEALTHCARE PLANS, INC.",Eligibility,SMPLH,N
1982,I,SISCO,Eligibility,SISCO,N
2491,P,SISCO,Eligibility,SISCO,N
1484,P,SOUTH CAROLINA MEDICAID,Eligibility,SCCAID,N
5540,I,SOUTH CAROLINA MEDICAID,Eligibility,SCCAID,N
4478,P,SOUTH DAKOTA MEDICAID,Eligibility,SDCAID,N
5591,I,SOUTH DAKOTA MEDICAID,Eligibility,SDCAID,N
2845,P,ST. VINCENT CATHOLIC MEDICAL CENTER - USFHP,Eligibility,SVMNY,N
7542,I,ST. VINCENT CATHOLIC MEDICAL CENTER - USFHP,Eligibility,SVMNY,N
NONE,I,Standard Ins Co,Eligibility,STDINS,N
NONE,P,Standard Ins Co,Eligibility,STDINS,N
NONE,I,Standard Ins Co of New York,Eligibility,STDINY,N
NONE,P,Standard Ins Co of New York,Eligibility,STDINY,N
5419,P,STATE FARM INSURANCE (HEALTH),Eligibility,STFARM,N
6573,I,STATE FARM INSURANCE (HEALTH),Eligibility,STFARM,N
2002,I,SUMMIT COMMUNITY CARE,Eligibility,PASSE,N
8134,P,SUMMIT COMMUNITY CARE,Eligibility,PASSE,N
5613,I,SUNFLOWER HEALTH PLAN,Eligibility,CNTENE,N
6249,P,SUNFLOWER HEALTH PLAN,Eligibility,CNTENE,N
2111,P,SUNSHINE HEALTH,Eligibility,CNTENE,N
5947,I,SUNSHINE HEALTH,Eligibility,CNTENE,N
2701,P,SUPERIOR HEALTH PLAN - TEXAS,Eligibility,CNTENE,N
3522,I,SUPERIOR HEALTH PLAN - TEXAS,Eligibility,CNTENE,N
2007,I,SUREST,Eligibility,BIND,N
8139,P,SUREST,Eligibility,BIND,N
7781,P,SUTTER AND AETNA INSURANCE COMPANY,Eligibility,SUTAET,N
8509,I,SUTTER AND AETNA INSURANCE COMPANY,Eligibility,SUTAET,N
1470,P,TEXAS MEDICAID,Eligibility,TXCAID,N
5500,I,TEXAS MEDICAID,Eligibility,TXCAID,N
3930,I,THE BOON GROUP,Eligibility,BOONGR,N
4278,P,THE BOON GROUP,Eligibility,BOONGR,N
2824,P,THE HEALTH PLAN OF WEST VIRGINIA,Eligibility,HLTPLN,N
7551,I,THE HEALTH PLAN OF WEST VIRGINIA,Eligibility,HLTPLN,N
5444,P,THE LOOMIS COMPANY,Eligibility,LOOMCO,N
5541,I,THE LOOMIS COMPANY,Eligibility,LOOMCO,N
1190,P,THRIVENT FINANCIAL,Eligibility,THRVNT,N
1191,P,THRIVENT FINANCIAL,Eligibility,THRVNT,N
1192,P,THRIVENT FINANCIAL,Eligibility,THRVNT,N
2564,I,THRIVENT FINANCIAL,Eligibility,THRVNT,N
2565,I,THRIVENT FINANCIAL,Eligibility,THRVNT,N
2566,I,THRIVENT FINANCIAL,Eligibility,THRVNT,N
7241,P,TRANSACTRX PART D,Eligibility,RXPTD,N
NONE,I,"TRANSAMERICA LIFE INSURANCE CO (LITTLE ROCK, AR)",Eligibility,TRNAF,N
NONE,P,"TRANSAMERICA LIFE INSURANCE CO (LITTLE ROCK, AR)",Eligibility,TRNAF,N
2872,P,TRICARE -  EAST REGION,Eligibility,TRICRE,N
5979,I,TRICARE -  EAST REGION,Eligibility,TRICRE,N
4749,P,TRICARE FOR LIFE,Eligibility,TRCRU,N
5913,I,TRICARE FOR LIFE,Eligibility,TRCRU,N
1238,P,TRICARE OVERSEAS PROGRAM,Eligibility,OVRSEA,N
5648,I,TRICARE OVERSEAS PROGRAM,Eligibility,TRICAR,N
6286,P,TRICARE OVERSEAS PROGRAM,Eligibility,TRICAR,N
6565,I,TRICARE OVERSEAS PROGRAM,Eligibility,OVRSEA,N
7295,P,TRILLIUM COMMUNITY HEALTH PLAN,Eligibility,CNTENE,N
9617,I,TRILLIUM COMMUNITY HEALTH PLAN,Eligibility,CNTENE,N
6831,P,TRIPLE-S ADVANTAGE,Eligibility,PRSSA,Y
7611,I,TRIPLE-S ADVANTAGE,Eligibility,PRSSA,Y
2756,P,TRIPLE-S SALUD,Eligibility,PRSSS,Y
3543,I,TRIPLE-S SALUD,Eligibility,PRSSS,Y
1773,P,"TRUSTMARK HEALTH BENEFITS (CORESOURCE AZ, IL, IN, MD, MN, NC, PA)",Eligibility,CSFMH,N
1983,I,"TRUSTMARK HEALTH BENEFITS (CORESOURCE AZ, IL, IN, MD, MN, NC, PA)",Eligibility,CSFMH,N
2587,I,"TRUSTMARK HEALTH BENEFITS (CORESOURCE AZ, IL, IN, MD, MN, NC, PA)",Eligibility,CSFMH,N
3791,P,"TRUSTMARK HEALTH BENEFITS (CORESOURCE AZ, IL, IN, MD, MN, NC, PA)",Eligibility,CSFMH,N
3806,P,"TRUSTMARK HEALTH BENEFITS (CORESOURCE AZ, IL, IN, MD, MN, NC, PA)",Eligibility,CSFMH,N
3983,I,"TRUSTMARK HEALTH BENEFITS (CORESOURCE AZ, IL, IN, MD, MN, NC, PA)",Eligibility,CSFMH,N
4568,I,"TRUSTMARK HEALTH BENEFITS (CORESOURCE AZ, IL, IN, MD, MN, NC, PA)",Eligibility,CSFMH,N
4771,P,"TRUSTMARK HEALTH BENEFITS (CORESOURCE AZ, IL, IN, MD, MN, NC, PA)",Eligibility,CSFMH,N
5492,P,"TRUSTMARK HEALTH BENEFITS (CORESOURCE AZ, IL, IN, MD, MN, NC, PA)",Eligibility,CSFMH,N
8522,I,"TRUSTMARK HEALTH BENEFITS (CORESOURCE AZ, IL, IN, MD, MN, NC, PA)",Eligibility,CSFMH,N
4541,I,TRUSTMARK SMALL BUSINESS BENEFITS,Eligibility,TRSMRK,N
6401,P,TRUSTMARK SMALL BUSINESS BENEFITS,Eligibility,TRSMRK,N
2438,P,TUFTS HEALTH PLAN,Eligibility,TUFTS,N
2523,I,TUFTS HEALTH PLAN,Eligibility,NTHLMA,N
5475,P,TUFTS HEALTH PLAN,Eligibility,NTHLMA,N
8504,I,TUFTS HEALTH PLAN,Eligibility,TUFTS,N
1038,I,UCARE OF MINNESOTA,Eligibility,MNUCAR,N
7867,P,UCARE OF MINNESOTA,Eligibility,MNUCAR,N
4590,I,UMR Wausau,Eligibility,UMRWAU,N
5402,P,UMR Wausau,Eligibility,UMRWAU,N
1758,P,UMWA H & R FUNDS,Eligibility,UMWA,N
2991,I,UMWA H & R FUNDS,Eligibility,UMWA,N
NONE,I,United Healthcare Securehorizons-Medicare Supplemental,Eligibility,UHSEC,N
NONE,P,United Healthcare Securehorizons-Medicare Supplemental,Eligibility,UHSEC,N
NONE,I,UNITED MEDICAL RESOURCES,Eligibility,UNHIS,N
NONE,P,UNITED MEDICAL RESOURCES,Eligibility,UNHIS,N
1585,I,UNITEDHEALTHCARE,Eligibility,UHC,N
3429,P,UNITEDHEALTHCARE,Eligibility,UHC,N
3429,P,UNITEDHEALTHCARE,Eligibility,UHC,N
3432,P,UNITEDHEALTHCARE,Eligibility,UHC,N
3550,I,UNITEDHEALTHCARE,Eligibility,UHC,N
7074,I,UNITEDHEALTHCARE,Eligibility,UHC,N
7093,I,UNITEDHEALTHCARE,Eligibility,UHC,N
9465,P,UNITEDHEALTHCARE,Eligibility,UHC,N
9706,P,UNITEDHEALTHCARE,Eligibility,UHC,N
4523,I,UNITEDHEALTHCARE COMMUNITY PLAN TENNCARE,Eligibility,JDHS,N
6442,P,UNITEDHEALTHCARE COMMUNITY PLAN TENNCARE,Eligibility,JDHS,N
1941,I,UNITEDHEALTHCARE LIFE INSURANCE COMPANY,Eligibility,AMMEDS,N
7481,P,UNITEDHEALTHCARE LIFE INSURANCE COMPANY,Eligibility,AMMEDS,N
4593,I,UNITEDHEALTHCARE STUDENT RESOURCES,Eligibility,STDNT,N
6465,P,UNITEDHEALTHCARE STUDENT RESOURCES,Eligibility,STDNT,N
2779,P,UNIVERA,Eligibility,UNIVNY,N
3598,I,UNIVERA,Eligibility,UNIVNY,N
4779,P,UNIVERSITY OF UTAH HEALTH PLAN,Eligibility,UNUTHP,N
5920,I,UNIVERSITY OF UTAH HEALTH PLAN,Eligibility,UNUTHP,N
2803,P,UPMC HEALTH PLAN,Eligibility,UPMC,N
7543,I,UPMC HEALTH PLAN,Eligibility,UPMC,N
NONE,I,USAA-Medicare Supplemental,Eligibility,USAAM,N
NONE,P,USAA-Medicare Supplemental,Eligibility,USAAM,N
1486,P,UTAH MEDICAID,Eligibility,UTCAID,Y
1528,I,UTAH MEDICAID,Eligibility,UTCAID,Y
3569,I,VERMONT MEDICAID,Eligibility,VTCAID,Y
3570,I,VERMONT MEDICAID,Eligibility,VTCAID,Y
7492,P,VERMONT MEDICAID,Eligibility,VTCAID,Y
1507,I,VETERANS ADMINISTRATION FEE BASIS PROGRAMS,Eligibility,VETFBP,N
3887,P,VETERANS ADMINISTRATION FEE BASIS PROGRAMS,Eligibility,VETFBP,N
6834,P,VILLAGECAREMAX,Eligibility,VCMAX,N
7620,I,VILLAGECAREMAX,Eligibility,VCMAX,N
1472,P,VIRGINIA MEDICAID,Eligibility,VACAID,N
5538,I,VIRGINIA MEDICAID,Eligibility,VACAID,N
7447,P,VIRGINIA MEDICAID,Eligibility,VACAID,N
4258,P,VISITING NURSE SERVICE OF NEW YORK,Eligibility,VNSNY,N
5959,I,VISITING NURSE SERVICE OF NEW YORK,Eligibility,VNSNY,N
3024,I,Vitori Health,Eligibility,FLMHI,N
8273,P,Vitori Health,Eligibility,FLMHI,N
4472,P,VIVA HEALTH CARE AND VIVA MEDICARE,Eligibility,VIVAHL,N
5949,I,VIVA HEALTH CARE AND VIVA MEDICARE,Eligibility,VIVAHL,N
1482,P,WASHINGTON MEDICAID,Eligibility,WACAID,N
5523,I,WASHINGTON MEDICAID,Eligibility,WACAID,N
8185,P,WASHINGTON NATIONAL,Eligibility,WANATL,N
NONE,I,WASHINGTON NATIONAL,Eligibility,WANATL,N
2029,I,WELLCARE COMPLETE A PRODUCT OF WELLCARE BY ALLWELL,Eligibility,CNTENE,N
8299,P,WELLCARE COMPLETE A PRODUCT OF WELLCARE BY ALLWELL,Eligibility,CNTENE,N
1844,P,WELLCARE HEALTH PLANS,Eligibility,WELLCR,N
4041,I,WELLCARE HEALTH PLANS,Eligibility,WELLCR,N
8041,I,WELLCARE HEALTH PLANS,Eligibility,WELLCR,N
8551,I,WELLCARE HEALTH PLANS,Eligibility,WELLCR,N
9759,P,WELLCARE HEALTH PLANS,Eligibility,WELLCR,N
9762,P,WELLCARE HEALTH PLANS,Eligibility,WELLCR,N
1404,P,WELLMARK BLUE CROSS BLUE SHIELD OF IOWA,Eligibility,IABCBS,N
1510,I,WELLMARK BLUE CROSS BLUE SHIELD OF IOWA,Eligibility,IABCBS,N
1775,P,WELLPOINT,Eligibility,WLPNT,N
2560,I,WELLPOINT,Eligibility,WLPNT,N
2921,I,WELLSENSE HEALTH PLAN,Eligibility,BMCHLT,N
3818,P,WELLSENSE HEALTH PLAN,Eligibility,BMCHLT,N
2813,P,WELLSTAR HEALTH PLAN,Eligibility,WELST,N
7955,I,WELLSTAR HEALTH PLAN,Eligibility,WELST,N
2477,P,WEST VIRGINIA MEDICAID,Eligibility,WVCAID,N
5532,I,WEST VIRGINIA MEDICAID,Eligibility,WVCAID,N
5634,I,Western Health Advantage,Eligibility,WSTHA,N
6267,P,Western Health Advantage,Eligibility,WSTHA,N
1076,I,WESTERN SKY COMMUNITY CARE,Eligibility,CNTENE,N
8103,P,WESTERN SKY COMMUNITY CARE,Eligibility,CNTENE,N
5901,I,Wisconsin Chronic Disease Program,Eligibility,WICDP,N
6764,P,Wisconsin Chronic Disease Program,Eligibility,WICDP,N
1467,P,WISCONSIN MEDICAID,Eligibility,WICAID,N
5510,I,WISCONSIN MEDICAID,Eligibility,WICAID,N
5671,I,WISCONSIN WELL WOMAN PROGRAM,Eligibility,WIWWP,N
6454,P,WISCONSIN WELL WOMAN PROGRAM,Eligibility,WIWWP,N
2900,I,WPS COMMERCIAL/REGULAR BUSINESS,Eligibility,WPSCR,N
4457,P,WPS COMMERCIAL/REGULAR BUSINESS,Eligibility,WPSCR,N
2577,I,WYOMING MEDICAID,Eligibility,WYCAID,N
7458,P,WYOMING MEDICAID,Eligibility,WYCAID,N
2097,I,ZING HEALTH,Eligibility,ZINGIL,N
8246,P,ZING HEALTH,Eligibility,ZINGIL,N
